latitude,longitude,date,flag,title,place_name,place_url,time_string,signup_url
44.83978,-0.58349,2016-03-31,fr,Mapathon Missing Maps Bordeaux - Lancement,"Nomade, Bordeaux, France",http://www.openstreetmap.org/node/4002246637#map=18/44.83985/-0.58299,19:00-22:00,https://www.eventbrite.fr/e/billets-mapathon-missing-maps-bordeaux-lancement-22495169658
51.52168,-0.10777,2014-07-29,gb,Missing Maps Party,MSF UK HQ,http://osm.org/go/euu4tD0_1?m=,18:00-20:30,http://www.eventbrite.co.uk/e/missing-maps-july-mapathon-tickets-12317087741
52.62219,-1.11246,2014-08-26,gb,Missing Maps Party,British Red Cross,http://osm.org/go/euu4t_q83?m=,18:00-20:30,https://www.eventbrite.co.uk/e/humanitarian-openstreetmap-london-mapathon-26th-august-1800-tickets-12691180663
51.52458,-0.09891,2014-09-30,gb,Missing Maps Party,Skills Matter,http://osm.org/go/euu4t_q83?m=,18:00-21:00,https://www.eventbrite.co.uk/e/missing-maps-hot-september-mapathon-tickets-13271759189
51.52458,-0.09891,2014-10-28,gb,Missing Maps Party,Skills Matter,http://osm.org/go/euu4t_q83?m=,18:00-21:00,https://www.eventbrite.co.uk/e/missing-maps-hot-october-mapathon-tickets-13826153397
49.18488,-123.14451,2014-11-07,ca,"Missing Maps Launch Party, Vancouver Edition",BCIT Burnaby Campus,http://osm.org/go/WJF9rU7NF-?m=,18:00-20:30,http://wiki.openstreetmap.org/wiki/Missing_Maps_Vancouver
51.5209,-0.13036,2014-11-07,gb,"Missing Maps Launch Party, London",London School of Hygiene and Tropical Medicine,http://osm.org/go/euu4lCR14--?m=,18:00-22:00,http://new.livestream.com/accounts/719701/events/3521680
-6.18558,106.82214,2014-11-07,id,"Missing Maps Launch Party, Jakarta",UN OCHA and AIFDR,http://osm.org/go/tZ_vLXwR8?m=,09:00-16:30,http://wiki.openstreetmap.org/wiki/Missing_Maps_Jakarta
37.77567,-122.41364,2014-11-07,us,"Missing Maps Launch Party, San Francisco",Code for America,http://osm.org/go/TZHvS2Utv?m=,15:00-19:00,https://www.eventbrite.com/e/missing-maps-project-launch-san-francisco-tickets-14027784481
34.59321,135.50453,2014-11-07,us,"Missing Maps Launch Party, Washington DC",American Red Cross,http://osm.org/go/ZZcbKU~l9--?m=,16:00-20:00,http://wiki.openstreetmap.org/wiki/Missing_Maps_Washington_DC_Launch_Party
49.4184,8.67,2014-11-07,de,"Missing Maps Launch Party, Heidelberg",Heidelberg University,http://osm.org/go/0DwYyGcS?m=,16:00-20:00,https://disastermappers.wordpress.com/2014/11/09/london-washington-d-c-jakarta-san-francisco-heidelberg/
46.22143,6.14368,2014-11-07,fr,"Missing Maps Launch Party, Geneva","Maison de la paix, Chemin Rigot 2",http://osm.org/go/0CFn_G2xS?m=,16:30-23:00,https://www.facebook.com/events/279563888919843/
14.63603,121.0778,2014-11-08,ph,"Missing Maps Launch Party, Manila",Environmental Science for Social Change,http://osm.org/go/4zhTgtGIP?m=&way=25850724,,
51.53498,-0.1216,2014-11-08,gb,Missing Maps Guardian Mapping Party,"Guardian office, King's Place, London",http://osm.org/go/euu4x7OiZ?m=,18:30-21:30,https://www.eventbrite.com/e/guardian-cities-the-missing-maps-party-tickets-13605461301
51.51126,-0.11603,2014-11-24,gb,Missing Maps Party London,King's College London,http://osm.org/go/euu4jOxRx-?m=,18:30-21:30,http://wiki.openstreetmap.org/wiki/Missing_Maps_Party_London_November_2014
48.85438,2.43626,2014-12-06,fr,Missing Maps French Launch,Simplon,http://osm.org/go/0BOfz5EcD?m=,,https://www.facebook.com/events/17480569487526910
51.21884,4.40844,2014-12-13,be,Missing Maps Mapathon,Idealabs,http://osm.org/go/0EpZSIWRV-?m=,14:30 - 20:00,http://osm.be/nl/content/missing-maps-mapthon
51.52267,-0.10526,2014-12-15,gb,Missing Maps Christmas Party,Wallacespace,http://osm.org/go/euu4tPM5K?m=,18:30 - 21:30,https://www.eventbrite.co.uk/e/missing-maps-hot-festive-december-mapathon-tickets-14801221853
38.89637,-77.04582,2014-12-15,us,Missing Maps Holiday Edition,American Red Cross,http://osm.org/go/ZZcbKU~l9--?m=,17:30-20:00,https://www.eventbrite.com/e/missing-maps-mapathon-ugly-sweater-holiday-edition-tickets-14476689167
34.59321,135.50453,2014-12-27,jp,Osaka City University Missing Maps Mapathon,Osaka City University Umeda Satellite Graduate School for Creative Cities and Academic Extension Center,http://osm.org/go/7QEnj6KBp?m=,,http://wiki.openstreetmap.org/wiki/Osaka_City_University_Missing_Maps_Mapathon_December_2014
45.52518,-122.68579,2015-01-10,us,Portland Mapathon,Urban Airship Headquarters,http://osm.org/go/WIDlV4_e8--?m=,10am-4pm,http://calagator.org/events/1250467555
40.76438,-73.99371,2015-01-19,us,ARC GNY Missing Maps Mapathon - Harare Challenge!,American Red Cross - Greater New York,http://osm.org/go/Zct9Q~PPB?m=,11am-1:30pm,https://www.eventbrite.com/e/arc-gny-missing-maps-mapathon-harare-challenge-tickets-15202095878
52.50034,13.4196,2015-01-22,de,GeoBerlin,Co-Up,http://osm.org/go/0MbEzPps0--?m=,7pm,http://www.meetup.com/Geo-Berlin/events/219715187/
51.51922,-0.0886,2015-01-27,gb,Missing Maps London,British Red Cross HQ,http://osm.orglu/go/euu4u_OvA--?m=,6pm-9pm,http://www.eventbrite.co.uk/e/missing-maps-hot-january-2015-mapathon-tickets-15435015547
55.944,-3.18723,2015-02-04,gb,Missing Maps Edinburgh,The University of Edinburgh,http://osm.org/go/evfLiuE9k-?m=,5pm-8pm,https://www.eventbrite.co.uk/e/missing-maps-edinburgh-tickets-15552456817
69.66203,18.94184,2015-02-12,no,Missing Maps Norway,Troms,http://osm.org/go/1KcrhSQQY?m=,7pm-10pm,https://www.eventbrite.com/e/missing-maps-mapathon-troms-tickets-15567209944
51.86564,5.12481,2015-02-14,nl,GeoFort Mapathon,GeoFort,http://osm.org/go/0EvYJe8Hd--?m=,1pm-6pm,http://www.meetup.com/GeoForts-sideshow-diverse-activiteiten-op-het-fort/events/219954802/
55.94428,-3.18675,2015-02-18,gb,Edinburgh 2,Appleton Tower,http://osm.org/go/evfLiuehA-?m=,6pm-9pm,https://www.eventbrite.co.uk/e/missing-maps-edinburgh-mapathon-2-tickets-15690936012
38.89624,-77.04583,2015-02-24,us,Mapping for Dhaka,American Red Cross,http://osm.org/go/ZZcbKU71d-?m=,5:30pm-8pm,https://www.eventbrite.com/e/february-missing-maps-mapathon-washington-dc-tickets-15505673888
38.89637,-77.04582,2015-02-24,us,Mardi Gras Missing Maps Mapathon,American Red Cross,http://osm.org/go/ZZcbKU~l1--?m=,6pm-9pm,https://www.eventbrite.com/e/mardi-gras-missing-maps-mapathon-washington-dc-tickets-15505673888
51.52173,-0.13764,2015-02-24,gb,Missing Maps London,Arup HQ,http://osm.org/go/euu4PL9Sf?m=,6pm-9pm,https://www.eventbrite.co.uk/e/missing-maps-hot-february-2015-mapathon-tickets-15713792376
55.94428,-3.18675,2015-03-04,gb,Edinburgh 3,Appleton Tower,http://osm.org/go/evfLiuehA-?m=,6pm-9pm,https://www.eventbrite.co.uk/e/missing-maps-edinburgh-3-tickets-15875517099
50.737137,-3.535148,2015-03-05,gb,University of Exeter 2,Forum Exploration Labs 1,http://osm.org/go/euIu4D2Q--?m=,6pm-8pm,https://www.facebook.com/EUMissingMaps
51.39436,0.18117,2015-03-09,gb,Swanley mapathon & training,"Christ Church Centre, Swanley, Kent",http://osm.org/go/0EEJQKvcn--?m=,1pm-4pm,https://www.eventbrite.co.uk/e/missing-maps-swanley-kent-uk-weekly-mapathons-training-sessions-tickets-15994358557
50.79794,-1.09883,2015-03-25,gb,Portsmouth Mapathon,University of Portsmouth,http://osm.org/go/euoPfv8~?m=,6pm-9pm,https://www.eventbrite.co.uk/e/missing-maps-mapathon-portsmouth-tickets-15617027951
55.94428,-3.18675,2015-03-25,gb,Edinburgh 4,Appleton Tower,http://osm.org/go/evfLiuehA-?m=,6pm-9pm,https://www.eventbrite.co.uk/e/missing-maps-edinburgh-4-tickets-16085021733
50.79794,-1.09883,2015-03-25,gb,Portsmouth Mapathon,University of Portsmouth,http://osm.org/go/euoPfv8~?m=,6pm-9pm,https://www.eventbrite.co.uk/e/missing-maps-mapathon-portsmouth-tickets-15617027951
50.79861,-1.09937,2015-03-25,gb,Portsmouth University Mapathon,"Research and Innovation Services, University of Portsmouth",http://osm.org/go/euoPf6ez0--?m=,11:30-02:00,https://www.eventbrite.co.uk/e/missing-maps-mapathon-portsmouth-tickets-15617027951
55.94433,-3.1868,2015-03-25,gb,University of Edinburgh Mapathon,Appleton Tower,http://osm.org/go/evfLiuexl?m=,18:00-21:00,https://www.eventbrite.co.uk/e/missing-maps-edinburgh-4-tickets-16085021733
38.826316,-77.30436,2015-03-27,us,GMU vs GWU Map-Off,"George Mason University, Exploratory Hall",http://osm.org/go/ZZcFab9j?m=,4:30pm-8pm,
38.89693,-77.04448,2015-03-27,us,GMU vs GWU Map-Off,George Washington University,http://osm.org/go/ZZcbKX_I?m=,6pm-9pm,
32.81373,-117.12345,2015-03-28,us,Missing Maps San Diego Mapathon,American Red Cross of San Diego,http://osm.org/go/TPTObSNbo?m=,09:30-12:00,http://wiki.openstreetmap.org/w/images/0/06/San_Diego_and_Chicago_Mapathon_28MAR2015.pdf
41.874,-87.68132,2015-03-28,us,Missing Maps Chicago Mapathon,American Red Cross of Chicago and Northern Illinois,http://osm.org/go/ZUfIeVPNY--?m=,11:30-02:00,http://wiki.openstreetmap.org/w/images/0/06/San_Diego_and_Chicago_Mapathon_28MAR2015.pdf
51.50497,-0.11266,2015-03-31,gb,London March Mapathon,"King's College, Waterloo",http://osm.org/go/euu4ipFcC?m=,6pm-9pm,https://www.eventbrite.co.uk/e/missing-mapshot-march-marathon-tickets-16125503816
35.910988,-79.047996,2015-04-02,us,Humanitarian Mapathon,"University of North Carolina, Chapel Hill",http://osm.org/go/ZS_hhvEgp--?m=,5pm-7pm,http://calendar.lib.unc.edu/event.php?id=931127
55.86597,-4.26071,2015-04-09,gb,Missing Maps Glasgow,The Project Cafe,http://www.openstreetmap.org/node/3429875881,6:30pm-9pm,https://www.eventbrite.co.uk/e/missing-maps-glasgow-tickets-16322255305
38.89693,-77.04448,2015-04-10,us,GW Humanitarian Mapping Society ,GWU Spatial Analysis Lab,http://osm.org/go/ZZcbKX_I?m=,6pm start,
58.9706202,5.7439133,2015-04-15,no,Missing Maps Rogaland,"Business Centre Stavanger, Norway",http://www.openstreetmap.org/node/2825863173#map=19/58.97062/5.74391,5pm-9pm,https://www.facebook.com/events/1589265807988292/
51.51126,-0.11603,2015-04-28,gb,Missing Maps London Mapathon,Bartlett School of Architecture,http://www.openstreetmap.org/way/236418140,18:00-21:00,https://www.eventbrite.co.uk/e/missing-mapshot-april-mapathon-tickets-16531869266
38.89911,-77.02211,2015-04-29,us,MapTimeDC + HOT ,WeWork Chinatown,http://osm.org/go/ZZcbjMXnf?m=,6:30pm-8pm,http://www.meetup.com/Maptime-DC/events/220505118/
55.86597,-4.26071,2015-05-14,gb,Missing Maps Glasgow,The Project Cafe,http://www.openstreetmap.org/node/3429875881,6:30pm-9pm,https://www.eventbrite.co.uk/e/missing-maps-glasgow-2-tickets-16792736527
51.52168,-0.10777,2015-05-19,gb,Missing Maps London JOSM meetup,MSF UK HQ,http://osm.org/go/euu4tD0_1?m=,18:00-21:00,https://www.eventbrite.co.uk/e/mid-may-mapathon-for-regular-mappers-tickets-16934115395
55.944,-3.18723,2015-05-22,gb,Missing Maps Edinburgh,TBC,http://osm.org/go/evfLiuE9k-?m=,17:00-20:00,https://www.eventbrite.co.uk/e/missing-maps-edinburgh-tickets-16959158299
51.49761,-0.17666,2015-06-02,gb,Missing Maps London mapathon,"Imperial College, London",http://www.openstreetmap.org/way/110085229,18:00-21:00,https://www.eventbrite.co.uk/e/missing-mapshot-june-mapathon-tickets-17028513743
51.86564,5.12481,2015-06-04,nl,Missing Maps Holland,"GeoFort, Herwijnen",http://www.openstreetmap.org/node/2898279943,TBD,http://jonggeo.nl/missing-maps/
40.72962,-73.99736,2015-06-08,un,SOTM-US Mapathon,United Nations HQ,http://osm.org/go/Zct8Uw8HQ?m=,TBD,
51.49761,-0.17666,2015-06-16,gb,Y Care International Mapathon,"Remark! Events, London",http://www.openstreetmap.org/search?query=18+leather+lane#map=19/51.51946/-0.10857,18:00-21:00,https://www.eventbrite.co.uk/e/mid-month-mapathon-missing-mapsy-care-international-tickets-17305575442
52.4984297,13.3809837,2015-06-18,de,Missing Maps Berlin,Wikimedia Deutschland,https://www.openstreetmap.org/node/2551527703,18:30-22:00,http://www.meetup.com/Missing-Maps-Berlin/events/222639871/
51.51731,-0.11069,2015-07-07,gb,Missing Maps London,MSF UK Office,http://osm.org/go/euu4mvaDj?m=,18:00-21:00,https://www.eventbrite.co.uk/e/missing-mapshot-july-mapathon-tickets-17431671599?ref=estw
39.2411497,6.7744,2015-07-25,tz,Missing Maps Dar es Salaam Mapathon,The Buni Hub,http://osm.org/go/l565e51YC?m=,14:00-18:00,http://www.eventbrite.com/e/maptime-tanzania-tickets-17814704260
38.89624,-77.04583,2015-07-28,us,Safari Summer Missing Maps Mapathon,American Red Cross,http://www.openstreetmap.org/way/66409265#map=19/38.89643/-77.04579,17:30-20:00,https://www.eventbrite.com/e/safari-summer-missing-maps-mapathon-tickets-17801374390
51.52554,-0.13491,2015-08-04,gb,Missing Maps London,Wellcome Trust,http://www.openstreetmap.org/way/310882263,18:00-21:00,https://www.eventbrite.co.uk/e/missing-mapshot-august-mapathon-tickets-17828294910
55.86597,-4.26071,2015-08-13,gb-sct,Missing Maps Glasgow,The Project Cafe,http://www.openstreetmap.org/node/3429875881,18:00-21:00,https://www.eventbrite.co.uk/e/missing-maps-glasgow-4-tickets-17932305007
51.5132,-0.13375,2015-08-17,gb,Missing Maps Thoughtworks,Thoughtworks,http://osm.org/go/euu4L5wp3?m=,18:00-21:00,https://www.eventbrite.co.uk/e/mid-month-august-mapathon-missing-mapshot-tickets-18135661251
60.3694,5.3495,2015-08-27,no,Missing Maps Norway,Ingeni Uten Grenser Hordaland,http://osm.org/go/0Rvx5~Ld?m=,17:00-21:00,https://www.facebook.com/events/876011089149286/
51.51861,-0.08613,2015-09-01,gb,Missing Maps London,Skills Matter,http://www.openstreetmap.org/node/3718166225#map=19/51.51861/-0.08613,18:00-21:00,https://www.eventbrite.co.uk/e/missing-mapshot-september-mapathon-tickets-18334271299
38.30505,-77.47544,2015-09-26,us,Map-A-Palooza,University of Mary Washington,http://osm.org/go/ZZS9xBUrV-?m=,11:00-14:00,
55.94417,-3.19376,2015-10-04,gb,Missing Maps SOTM Scotland,SkyScanner,https://www.openstreetmap.org/#map=18/55.94417/-3.19376,11:00-15:00,http://wiki.openstreetmap.org/wiki/State_of_the_Map_Scotland_2015/Day_5#Workshop_2_:_For_new_mappers_-_Missing_Maps
38.89624,-77.04583,2015-10-06,us,Missing Maps Fall Mapathon,American Red Cross,http://www.openstreetmap.org/way/66409265#map=19/38.89643/-77.04579,17:30-20:00,https://www.eventbrite.com/e/missing-maps-fall-mapathon-tickets-18830178571
51.52567,-0.13978,2015-10-06,gb,Missing Maps London,Facebook,http://www.openstreetmap.org/node/3763350319#map=19/51.52567/-0.13978,18:00-21:00,https://www.eventbrite.co.uk/e/missing-mapshot-october-mapathon-tickets-18786989391
55.94322,-3.18651,2015-10-06,gb,Missing Maps Edinburgh,David Hume Tower (LG09),http://www.openstreetmap.org/way/5325200#map=18/55.94322/-3.18651,19:30-21:30,https://www.eventbrite.co.uk/e/missing-maps-party-tickets-19050528644
50.7352,-3.53358,2015-10-08,gb,University of Exeter Missing Maps Party,The Forum,http://www.openstreetmap.org/way/162102795#map=19/50.73520/-3.53358,18:00-21:00,https://www.facebook.com/EUMissingMaps
43.66316,-79.41078,2015-10-14,ca,MSF Canada Missing Maps Party,Centre for Social Innovation,http://www.openstreetmap.org/way/255630384#map=19/43.66316/-79.41078,18:00-21:00,http://www.eventbrite.ca/e/msf-canadas-missing-maps-event-tickets-18715354128
33.7644229,-118.1524836,2015-10-17,us,Mapathon,"The Library Coffeehouse, 3418 Broadway Ave, Long Beach, CA",http://osm.org/go/TYqqmwbB?m=,10:00-12:30,
12.9810816,77.6368034,2015-10-20,in,Mapping DRC,"Mapbox, Bengaluru",http://www.openstreetmap.org/node/3352016856,17:30-20:30,https://www.mapbox.com/blog/open-access-week/
51.52567,-0.13978,2015-10-20,gb,Missing Maps JOSM London,Venue - TBC,https://www.openstreetmap.org/relation/65606,18:00-21:00,https://www.eventbrite.co.uk/e/missing-maps-london-october-mid-month-mapping-party-tickets-19077747055
35.910988,-79.047996,2015-10-22,us,University of North Carolina Mapathon,University of North Carolina,http://osm.org/go/ZS_hhvBg3,17:00-19:00,http://global.unc.edu/event/humanitarian-mapathon/
58.9377,5.69377,2015-10-27,no,Ingeni_��_rer Uten Grenser UiS Missing Maps Party,Universitetet i Stavanger,http://www.openstreetmap.org/node/267591852#map=19/58.93770/5.69377,17:00-22:00,https://www.nito.no/kurs-og-arrangementer/missing-maps-mapathon-ingeniorer-uten-grenser/
45.19128,5.7331,2015-10-28,fr,Maptime-Alpes,Cowork in Grenoble,http://www.openstreetmap.org/node/3806387790,17:00-22:00,http://www.meetup.com/MaptimeAlpes/events/225840761/
50.9357,-1.3966,2015-10-29,gb,Missing Maps Southampton,Highfield Campus - Southampton University,http://www.openstreetmap.org/relation/4163893#map=16/50.9357/-1.3966,18:30-21:30,https://www.facebook.com/events/955131037877155/
55.94374,-3.18668,2015-10-29,gb,Missing Maps Edinburgh,George Square,http://www.openstreetmap.org/way/5325199#map=19/55.94374/-3.18668,19:00-21:00,https://www.eventbrite.co.uk/e/missing-maps-mapathon-tickets-19242812771
50.72334,-3.51694,2015-11-02,gb,Missing Maps Exeter Uni,St Luke's Campus,http://www.openstreetmap.org/node/838052019,18:00-20:00,https://www.facebook.com/events/1645546975687945/
51.52267,-0.10526,2015-11-03,gb,Missing Maps London,Wallacespace,http://osm.org/go/euu4tPM5K?m=,18:00-21:00,https://www.eventbrite.co.uk/e/missing-mapshot-november-mapathon-tickets-19100443942
48.872504,2.3643425,2015-11-05,fr,Mapathon Missing Maps Paris,La Ruche,https://www.openstreetmap.org/way/63196894,19:00-22:00,http://www.eventbrite.fr/e/billets-mapathon-missing-maps-paris-19278883660
45.5234,-122.6762,2015-11-05,us,Open Street mapping,Columbia River Peace Corps Association,,18:00-21:00,http://www.crpca.org/crpca-events/
45.5234,-122.6762,2015-11-07,us,Open Street mapping,Columbia River Peace Corps Association,,13:00-16:00,http://www.crpca.org/crpca-events/
54.7764152,-1.5758539,2015-11-09,gb,Maptime Durham Mapathon,Maptime Durham,,TBD,
53.239,6.5355,2015-11-10,nl,Missing Maps Groningen,"Smitsborg, Zernike Campus",http://www.openstreetmap.org/way/6320703#map=16/53.2390/6.5355,1700-2100,https://www.eventbrite.nl/e/missing-maps-groningen-tickets-19173124331
53.23813,6.53599,2015-11-10,nl,University of Groningen Mapathon,"Groningen, Netherlands",http://osm.org/go/0GXNN7Zra?m=&way=268450386,17:00,https://www.eventbrite.nl/e/missing-maps-groningen-tickets-19173124331
35.30183,-120.66375,2015-11-12,us,Cal Poly Missing Maps Mapathon,"Cal Poly San Luis Obispo, CA",http://osm.org/go/TYwPE6Ijj--?m=&relation=2806804,14:00-16:00,http://lib.calpoly.edu/events/missing-maps-mapathon/
38.906447,-77.072196,2015-11-13,us,Georgetown University Mapathon,"Georgetown University Library, Washington, DC",http://osm.org/go/ZZcbEzy7Z?m=&way=67521482,18:30-21:00,
45.42085,-75.70088,2015-11-14,ca,Missing Maps Ottawa,Hub Ottowa,http://www.openstreetmap.org/node/2621358362#map=19/45.42085/-75.70088,10:00-14:00,http://www.meetup.com/openstreetmap-ottawa/events/225620798/
-12.0487,-77.0285,2015-11-15,pe,Saberes Nomadas - OSMPeru Community Mapathon,"Lima, Peru",,10:00:00 AM,
12.98108,77.63714,2015-11-15,in,Mapbox Bengaluru Mapathon,"Bengaluru, India",http://osm.org/go/yy4fNjKSY?m=&node=3352016856,10:00-17:00,
47.6641,-122.29895,2015-11-15,us,American Red Cross: Missing Maps Mapathon,"Seattle, WA",http://osm.org/go/WIdQwV0~3?m=&node=1721401289,12:00-17:00,
38.9041122,-77.0466547,2015-11-16,us,Peace Corps Mapathon,"Peace Corps' Office of Innovation, Washington, DC",http://osm.org/go/ZZcbOEjxD?m=,18:30-20:30,
31.5377,74.3403,2015-11-16,pk,Kinnaird College for Women University (KCWU) MapGive Mapathon,"KCWU, Lahore, Pakistan",http://osm.org/go/znDz5kqf?m=&node=3277778645,15:00-17:00,https://twitter.com/MapGivePakistan
28.60299,-81.19857,2015-11-17,us,University of Central Florida,University of Central Florida,http://osm.org/go/ZGhkXCBAh--?relation=1159228,15:30-17:45,
39.9804,-75.15773,2015-11-17,us,Temple University Mapathon,Temple University,http://osm.org/go/ZcjR8r5P8-?lm=,TBD,
32.84208,-96.78197,2015-11-17,us,Southern Methodist University Mapathon,Southern Methodist University,http://osm.org/go/Tt5NszxXH--?m=,15:00-18:00,
42.25174,-71.82319,2015-11-17,us,Clark University Mapathon,Clark University,http://osm.org/go/ZfCptb6wq--?m=,12:00-14:00,https://www.facebook.com/events/941996052559463/
31.53943,74.35207,2015-11-17,pk,MapGive Pakistan Mapathon at Beaconhouse National University,"Computer Lab, School of Computer & IT (SCIT), Beaconhouse National University",http://osm.org/go/znDz7ywX0--?m=,14:30-17:00,https://twitter.com/MapGivePakistan
27.4837,94.9146,2015-11-17,in,Dibrugarh University Mapathon,"Dibrugarh, India",,9:30-16:30,
5.8277055,-73.0338939,2015-11-17,co,Colegio Salesiano de Duitama,"Duitama, Colombia",,TBD,
51.51731,-0.11056,2015-11-17,gb,Missing Maps Anniversary Party London,MSF UK,http://www.openstreetmap.org/node/3637222489,18:00-21:00,https://www.eventbrite.co.uk/e/missing-maps-first-anniversary-mapathon-tickets-19474704365
45.5673,5.9221,2015-11-17,fr,CartONG Mapathon,"Chambery, France ",,TBD,
38.9532213,-77.075377,2015-11-17,us,Alice Deal Middle School Mapathon,"Washington, DC",http://osm.org/go/ZZceFLTfk,TBD,
54.9798,-1.6167,2015-11-17,gb,Missing Maps Newcastle,Newcastle University,http://www.openstreetmap.org/way/169229644,18:00-21:30,https://www.facebook.com/events/1696980637254810/
23.73933,90.38116,2015-11-17,bd,Missing Maps Bangladesh,"Star Kabab, Dhanmondi",http://www.openstreetmap.org/#map=19/23.73933/90.38116,18:00-21:00,https://www.facebook.com/groups/osmbd/
37.72204,-122.47599,2015-11-18,us,San Francisco State University,San Francisco State University,http://osm.org/go/TZHsPqzyV,17:30-20:00,https://sfsu-missing-maps.eventbrite.com
38.98607,-76.94245,2015-11-18,us,University of Maryland Mapathon,"University of Maryland - McKeldin Library - Rooms 6101, 6103, and 6107",http://osm.org/go/ZZc1hhSzp-?m=,12:00-15:00 ,
38.98607,-76.94245,2015-11-18,us,University of Maryland Mapathon,"University of Maryland - Geographical Sciences Department, LeFrak Hall 1136 & 1138",http://osm.org/go/ZZc1hhSzp-?m=,15:00-17:00,
40.8075434,-73.9597249,2015-11-18,us,Columbia University - SIPA,Columbia University - SIPA,,17:00-19:00,
59.4154805,5.2636464,2015-11-18,no,Engineers Without Borders Norway (IUG Norge),"Haugesund, Norway",,TBD,http://www.iug.no/
-8.5080922,115.2639576,2015-11-18,id,Green School,"Ubud, Indonesia",,8:00,www.greenschool.org
38.8469,-76.9308,2015-11-18,us,US Census Bureau Mapathon,"Washington, DC",http://osm.org/go/ZZcl303o?m=,TBD,
55.94647,-3.194451,2015-11-18,gb-sct,George Heriot's School Mapathon,"Edinburgh, Scotland",http://osm.org/go/evfLiT969--?m=,TBD,
54.5969467,-5.9301554,2015-11-18,gb,Land & Property Services at the Association for Geographic Information Mapathon,"Belfast, Northern Ireland",,12:00-14:00,
39.7369,-104.9796,2015-11-18,us,University of Denver and FOSS Mapathon,"Denver, US",,18:00,
40.7204,-73.9849,2015-11-18,us,SIPA RPCV Mapathon,"New York, US",,17:00-19:00,
40.57484,-105.08468,2015-11-18,us,Colorado State University Mapathon,"Ramskeller, Lory Student Center, CSU",http://osm.org/go/T2NlMvnJp--?m=&way=131469182,16:00-18:00,http://osmgeoweek.org/event/kampala/
40.74739,-73.99298,2015-11-18,us,Doctors Without Borders / Medecins Sans Frontieres (MSF),"New York, US",http://osm.org/go/Zct9B_7yN?m=&way=204166008,18:00-21:00,
45.5365,-122.66139,2015-11-18,us,GIS Day Mapathon,"Portland, OR",http://osm.org/go/WIDwLRmzE?m=&way=204166010,16:00-18:00,https://oregonmetro.wufoo.com/forms/q1dhkdh115h92kx/
51.89373,-8.49227,2015-11-18,ie,UCC Friends of MSF Mapathon,"Cork, Ireland",http://osm.org/go/esP6eVR70-?m=&node=349285602,19:00,
42.64742,21.15295,2015-11-18,rs,ATI-KOS & University of Business and Technology,"Pristina, Kosovo",http://osm.org/go/xfpEnbUvF--?m=,13:00-17:00,
51.52927,-0.12997,2015-11-18,gb,LUC / DEC Mapathon to celebrate International GIS Day,"London, UK",http://osm.org/go/euu4wSd4p?m=&node=3747940545,17:00-19:30,http://landuse.co.uk/uncategorized/luc-hosting-third-mapathon-to-celebrate-international-gis-day/
31.45146,74.29404,2015-11-18,pk,University of Management and Technology (UMT) MapGive Mapathon,"Computer Lab, UMT, Lahore, Pakistan",http://osm.org/go/znDnZaYCB--?m=,15:00-17:00,http://www.umt.edu.pk/
49.4184,8.67,2015-11-18,de,"Missing Maps GeoWeek, Heidelberg",Heidelberg University,http://www.openstreetmap.org/way/94551367,18:00,https://disastermappers.wordpress.com/2015/11/12/geography-awareness-week-missing-maps-mapathon/
42.73083,-84.48318,2015-11-18,us,GIS Day Mapathon at Michigan State University,"Map Library CTL, MSU Main Library, East Lansing, MI",http://osm.org/go/ZVr4sXGpd?m=,13:00-16:00,
40.7978,-77.86623,2015-11-19,us,Penn State University,"W013 Pattee Library, University Park, PA",http://osm.org/go/ZcSIFKgcu?m=,18:00-20:00,http://www.geog.psu.edu/news/events/geoweek-osm-missing-maps-mapathon
-22.0227,-47.8845,2015-11-19,br,University of São Paulo,"São Carlos, SP",,18:00 BRT,
38.90396,-77.0445,2015-11-19,us,Access for All: OSM GeoWeek 2015,OpenStreetMap Institutions,http://osm.org/go/ZZcbOGqIC?m=,18:30-21:00,https://www.eventbrite.com/e/access-for-all-osm-geoweek-2015-tickets-19153645068
38.9041122,-77.0466547,2015-11-19,us,OSM Institutions,"Peace Corps, Washington, DC",http://osm.org/go/ZZcbOEjxD?m=,18:30-21:00,
50.7256471,-3.5266611,2015-11-19,gb,Exeter University Mapathon,"Exeter, England",,17:45-20:00,
42.8836,-78.8627,2015-11-19,us,Graduate Geography Student Association (GGSA) Mapathon,"Buffalo, US",,18:00,
45.46664,9.19059,2015-11-19,it,"Politecnico di Milano, GEOlab Mapathon","Milan, Italy",,14:15-16:00,
53.38093,-1.48621,2015-11-19,gb,Missing Maps Sheffield,"Hicks Building, Sheffield University",http://www.openstreetmap.org/way/4399693,18:00-20:30,https://www.eventbrite.co.uk/e/sheffield-missing-maps-tickets-19547253361
38.89693,-77.04448,2015-11-20,us,George Washington University HMS Mapathon,George Washington University - Old Main Building,http://osm.org/go/ZZcbKX_I?m=,17:00-21:00,
38.826316,-77.30436,2015-11-20,us,George Mason Mapathon,George Mason,http://osm.org/go/ZZcFab9j?m=,16:00-20:00,https://www.eventbrite.com/e/george-mason-university-mapathon-tickets-19043886778
-6.76476,39.21415,2015-11-20,tz,Ardhi University HOT Mapathon,"Dar es Salaam, Tanzania",http://osm.org/go/l568CYo__?m=,09:00-13:00,
0.4751,33.2669,2015-11-20,ug,Mapping day Uganda - Wairaka,"Wairaka, Uganda",,12:00-17:00,https://twitter.com/mapuganda
-6.1753942,106.8271826,2015-11-20,in,Humanitarian OSM Mapathon: Jakarta,"Jakarta, Indonesia",,TBD,
41.874,-87.68132,2015-11-21,us,Missing Maps Chicago Mapathon,American Red Cross of Chicago and Northern Illinois,http://osm.org/go/ZUfIeVPNY--?m=,9:30-14:30,https://www.eventbrite.com/e/chicago-missing-maps-mapathon-tickets-19288732117?aff=eivtefrnd
-6.77969,39.20388,2015-11-21,tz,University of Dar es Salaam HOT Mapathon,"Dar es Salaam, Tanzania",http://osm.org/go/l565ReOXA?m=,09:00-13:00,
6.367682,2.4252292,2015-11-21,bj,Communaut OpenStreetMap Benin,"Cotonou, Benin",,09:00-18:00,https://www.facebook.com/OSMBenin
0.4353036,33.2055568,2015-11-21,ug,Mapping day Uganda - BIT MAK Jinja,"Jinja, Uganda",,9:00-17:00,https://twitter.com/mapuganda
-1.1032226,37.0108947,2015-11-21,ke,Jomo Kenyatta University of Agriculture and Technology ,"Juja, Kenya",,TBD,http://www.jkuat.ac.ke/
0.3177137,32.5813539,2015-11-21,ug,Missing Maps: Kampala,"Kampala, Uganda",,TBD,
-15.75655,-47.8908,2015-11-21,br,Mapathon: OpenStreetMap Brasilia,Calango Hacker Club,http://osm.org/go/NuPrF4_9q--?m=,16:00-20:00,https://twitter.com/OpenStreetMapBR
-18.93095,47.52851,2015-11-21,mg,Mapathon: OpenStreetMap Madagasgar ,"CIDST Tsimbazaza, Antananarivo, Madagascar",http://osm.org/go/nBOhpTWnJ?m=&way=368757315,TBD,
-18.910012,47.5255809,2015-11-21,mg,Students in Geography of Antananarivo Mapathon,"Antananarivo, Madagascar",,TBD,
60.20464,24.96291,2015-11-27,fi,Missing Maps Helsinki,Kumpulan Kampus,https://www.openstreetmap.org/#map=17/60.20464/24.96291,16:00-19:00,https://www.facebook.com/events/1528197070839043/1528215430837207/
51.52986,-0.13835,2015-12-01,gb,Missing Maps London,The Bartlett,http://www.openstreetmap.org/way/262772157,18:00-21:00,http://www.eventbrite.co.uk/e/missing-mapshot-december-mapathon-tickets-19653629535
51.22181,4.4149,2015-12-09,be,Missing Maps Antwerp,IPIS Research,http://www.openstreetmap.org/way/378681739#map=19/51.22181/4.41490,17:30-21:00,http://www.eventbrite.com/e/missing-maps-mapathon-tickets-19498179580
51.9983,4.3742,2015-12-10,nl,Missing Maps Delft,Delft University of Technology,http://www.openstreetmap.org/way/201337847,18:30-21:00,https://www.eventbrite.co.uk/e/missing-maps-delft-tickets-19633982771
51.50404,-0.0879,2015-12-10,gb,Missing Maps Kings College London,"Boland House, Guy's Campus",http://www.openstreetmap.org/way/276032684#map=18/51.50404/-0.08790,18:00-21:00,https://www.facebook.com/events/1520528761599463/
23.77365,90.37321,2015-12-12,bd,Victory Day Mapathon,World Bank Bangladesh Country Office,http://www.openstreetmap.org/way/223063712,10:00-18:00,https://www.facebook.com/events/1532434757077244/
45.77924,4.87845,2015-12-18,fr,Missing Maps Lyon,CCO Villeurbanne,http://www.openstreetmap.org/way/85040228,19:00-22:00,https://www.eventbrite.fr/e/billets-mapathon-missing-maps-lyon-19681898087
51.52034,-0.09234,2016-01-05,gb,Missing Maps London,Linklaters,http://www.openstreetmap.org/node/2639375134#map=19/51.52034/-0.09234,18:00-21:00,https://www.eventbrite.co.uk/e/missing-mapshot-january-mapathon-tickets-19988199242
55.86602,-4.26101,2016-01-13,gb,Missing Maps Glasgow,Project Cafe,http://www.openstreetmap.org/node/3429875881,18:00-21:00,https://www.eventbrite.co.uk/e/missing-maps-glasgow-5-tickets-20415668815
51.4978,-0.17663,2016-01-14,gb,Missing Maps Imperial College,Imperial College London,http://www.openstreetmap.org/way/110085229,18:00-21:00,https://www.facebook.com/events/503489863191822/
4.60002,-74.07584,2016-01-20,co,Missing Maps Mapathon Colombia,"Sala de Innovaci�_n, Ministerio de las Tecnolog�_as de Informaci�_n y Comunicaciones (MinTic). Edificio Murillo Toro Cra.",http://osm.org/go/YJ5iTwoQb?m=,08:00-12:00,https://www.eventbrite.es/e/entradas-mapaton-por-la-guajira-20226286367
51.05877,3.72046,2016-01-23,be,Missing Maps Gent,"Het Vredeshuis, Gent, Belgium",http://www.openstreetmap.org/way/97696783,13:00-17:00,https://www.eventbrite.com/e/missing-maps-mapathon-gent-tickets-19951189545
14.57717,120.97779,2016-01-23,ph,Mapathon for Leyte,US Embassy Manilla,http://osm.org/go/4zhFbzYm1-?m=,8:30-14:30,https://www.eventbrite.com/e/mapathon-for-leyte-tickets-20749719971
40.57473,105.08469,2016-01-27,us,OpenStreetMap Humanitarian Mapathon Colorado State Univeristy,"Ramskeller, Lory Student Center, CSU Campus ",http://osm.org/go/T2NlMvjcw--?m=,17:00-19:00,
51.50653,-0.12565,2016-02-02,gb,Missing Maps London,"The Civil Service Club, London, United Kingdom",http://www.openstreetmap.org/node/346359402#map=19/51.50653/-0.12565,18:00-21:00,http://www.eventbrite.co.uk/e/missing-mapshot-february-mapathon-tickets-20809723443
55.9434,-3.18677,2016-02-02,gb,Missing Maps returns!,"David Hume Tower, The University of Edinburgh, Edinburgh, United Kingdom",https://www.openstreetmap.org/way/5325200#map=19/55.94340/-3.18677,19:00-21:00,https://www.eventbrite.co.uk/e/missing-maps-party-returns-tickets-21114476969
55.87613,-4.25768,2016-02-09,gb,Missing Maps Glasgow,"Whisky Bond, Glasgow, United Kingdom",http://www.openstreetmap.org/way/129345803#map=18/55.87613/-4.25768,18:00-21:00,https://www.eventbrite.co.uk/e/missing-maps-glasgow-6-the-whisky-bond-tickets-20928044344
38.89624,-77.04583,2016-02-11,us,Missing Maps Mapathon DC,American Red Cross,http://osm.org/go/ZZcbKU7iP--?m=,17:30-20:30,https://www.eventbrite.com/e/missing-maps-mapathon-february-tickets-20472971208
48.87195,2.34121,2016-02-11,fr,Mapathon Missing Maps Paris #2 - Mozilla,", Paris, France",http://osm.org/go/0BPIiU9kS?m=&node=2883451098,19:00-22:00,https://mapathon-missing-maps-paris-2.eventbrite.fr
52.4984297,13.3809837,2016-02-13,de,Missing Maps Berlin,Wikimedia Deutschland,https://www.openstreetmap.org/node/2551527703,13:00-17:00,http://www.meetup.com/Missing-Maps-Berlin/events/228253979/
54.97891,-1.61488,2016-02-16,gb,Newcastle Map-a-thon,"Newcastle Student's Union, Venue, Newcastle, United Kingdom",http://www.openstreetmap.org/way/50447919,18:30-22:30,https://www.facebook.com/events/185295075161476/
59.89047,10.52226,2016-02-17,no,Missing Maps workshop med IUG Oslo og Norconsult,"Norconsult, Vestfjordgaten 4, Sandvika, Norway",http://www.openstreetmap.org/#map=19/59.89047/10.52226&layers=N,17:00-19:30,https://www.eventbrite.com/e/missing-maps-workshop-med-norconsult-og-iug-oslo-tickets-21207631597
23.73748,90.38685,2016-02-17,bd,Dhaka Map-Ternoon,"Star Hotel & Restaurant, Elephant Road, Dhaka, Bangladesh",http://www.openstreetmap.org/?mlat=23.73748&mlon=90.38685#map=17/23.73748/90.38685&layers=N,17:00-21:00,https://www.facebook.com/events/537075226460270/
52.00574,4.3704,2016-02-18,nl,Missing Maps Delft,"TU Delft, Faculty of Architecture, Delft, Netherlands",http://www.openstreetmap.org/way/44383236#map=18/52.00574/4.37040,18:00-21:00,https://www.eventbrite.co.uk/e/missing-maps-delft-tickets-20731056147
53.40517,-2.96597,2016-02-18,gb,Missing Maps Liverpool,"Liverpool University The Guild, Liverpool, United Kingdom",http://www.openstreetmap.org/way/42729347,18:00-20:00,https://www.eventbrite.co.uk/e/mapathon-liverpool-tickets-21338041657
51.96571,5.67991,2016-02-19,nl,Mapathon Missing Maps Wageningen,"Wageningen, The Netherlands",http://www.openstreetmap.org/#map=19/51.96571/5.67991,17:30-22:00,https://www.eventbrite.nl/e/tickets-mapathon-missing-maps-20059177540
45.18478,5.73133,2016-02-23,fr,Mapathon Missing Maps Grenoble#2,"Cowork in Grenoble, Grenoble, France",https://www.openstreetmap.org/node/4007256153,19:00-22:00,http://www.eventbrite.fr/e/billets-mapathon-missing-maps-grenoble-2-21556613411
40.57484,-105.08468,2016-02-24,us,CSU Humanitarian Mapathon,"Ramskeller, Lory Student Center, CSU Campus",http://osm.org/go/T2NlMvnJp--?m=&way=131469182,17:00-19:00,http://www.meetup.com/OSM-Colorado/events/228614237/
40.74746,-73.99292,2016-02-24,us,Missing Maps New York,"Doctors Without Borders, New York, United States",https://www.openstreetmap.org/node/4021259442,17:30-21:00,https://www.doctorswithoutborders.org/support-us/events/february-missing-maps-mapathon
40.42816,-104.69041,2016-02-25,us,University of Northern Colorado Humanitarian Mapathon,Weldwerks Brewing Co.,http://osm.org/go/T2OV958DH?m=,17:00-19:00,http://www.meetup.com/OSM-Colorado/events/228614359/
14.00891,-60.99142,2016-02-28,lc,Map St. Lucia,"National ICT Centre Bourbon Street Castries, SAINT LUCIA, Castries, Saint Lucia",http://osm.org/go/YyXcULfS~?m=&way=397973030,09:00-17:00,http://www.mapsaintlucia.org/
51.51907,-0.0886,2016-03-01,gb,Missing Maps London,"British Red Cross HQ, London, United Kingdom",http://www.openstreetmap.org/way/160277261#map=19/51.51907/-0.08860,18:00-21:00,https://www.eventbrite.co.uk/e/missing-mapshot-march-mapathon-tickets-22020469818
47.37710688,8.520278313,2016-03-02,ch,Missing Maps Zurich,"MSF-CH Zurich Offices, Zurich, Switzerland",https://www.openstreetmap.org/#map=22/47.37710687527948/8.520278313391366,18:00-21:00,http://www.meetup.com/Missing-Maps-Mapathons-in-and-around-Zurich/events/228202897/
45.50698,9.16402,2016-03-03,it,OSM MiniMapathon,"Politecnico di Milano - Bovisa Campus, Milan, Italy",http://osm.org/go/0CjFYGEZ0-?m=,09:30-13:00,null
60.15964,24.95489,2016-03-05,fi,Finnish Red Cross Missing Maps Mapathon - FULLY BOOKED!,"Finnish Red Cross HQ, Helsinki, Finland",http://www.openstreetmap.org/node/3995861358#map=19/60.15964/24.95489,10:00-15:00,
63.39771,10.40103,2016-03-07,no,Missing Maps med IUG Trøndelag,"Sluppenvegen 6, Trondheim, Norway",http://www.openstreetmap.org/node/2958715812,17:00-19:00,https://www.facebook.com/events/193054984394114/
38.89483,-77.04018,2016-03-08,us,International Women's Day Mapathon DC,American Red Cross,http://osm.org/go/ZZcbKyRak--?m=,18:00-21:00,https://www.eventbrite.com/e/international-womens-day-mapathon-tickets-20488246898
41.31317,-105.58108,2016-03-09,us,University of Wyoming Humanitarian Mapathon,"Agriculture C Building, Computer Lab Rm 316",http://osm.org/go/T2T4i8TmE--?m=,17:00-20:00,http://www.meetup.com/OSM-Colorado/events/228935363/
45.77925,4.87831,2016-03-14,fr, Festival Mémoire Vive - Missing Maps Lyon #2,"CCO, Lyon , France",http://www.openstreetmap.org/way/85040228,19:00-22:00,http://mapathon.festivalmemoirevive.com
55.86597,-4.26071,2016-03-16,gb,Missing Maps Glasgow,The Project Cafe,http://www.openstreetmap.org/node/3429875881,18:00-21:00,https://www.eventbrite.co.uk/e/missing-maps-glasgow-7-the-project-cafe-tickets-22068436287
50.84184,4.32345,2016-03-16,be,Missing Maps Mapathon - VUB," VUB, Campus Kaai,Nijverheidskaai 170, Brussels",http://www.openstreetmap.org/way/313486960#map=18/50.84184/4.32345,17:00-20:00,http://www.meetup.com/OpenStreetMap-Belgium/events/229257819/
45.80278,9.09501,2016-03-16,it,GEOlab Mapathon Sant'Elia,"Politecnico di Milano - Como Campus, Como, Italy",http://osm.org/go/0CkuOppIV-?m=,09:00-13:00,
47.65012,-122.34849,2016-03-19,us,American Red Cross: Missing Maps Mapathon Seattle,Fremont Library (731 N 35th Street),http://osm.org/go/WIX6ullZi--?m=,14:30-16:40,
51.51137,-0.11592,2016-03-21,gb,Missing Maps Mapathon - KCL,"KCL Strand Campus, London WC2R 2LS",https://www.openstreetmap.org/way/115809009,17:00-21:00,https://www.eventbrite.co.uk/e/missing-maps-mapathon-for-karonga-malawi-at-kcl-geography-tickets-22753648776
45.80193,9.09539,2016-03-21,it,Mapathon GEOlab,"Politecnico di Milano - Como Campus, Italy, but everyone can map remotely!",http://osm.org/go/0CkuL~VhF-?m=,00:00-23:59,https://www.eventbrite.it/e/biglietti-mapathon-geolab-23225616444
51.22181,4.4149,2016-03-23,be,Missing Maps Mapathon,"IPIS Library, Antwerp, Belgium",http://www.openstreetmap.org/way/378681739,17:30-21:00,https://www.eventbrite.com/e/missing-maps-mapathon-antwerp-march-23rd-tickets-21633266683
55.94527,-3.1906,2016-03-24,gb,Missing Maps Edinburgh,"Teviot Lecture Theatre, Teviot Place, The University of Edinburgh",http://www.openstreetmap.org/search?query=eh8%209ag#map=19/55.94527/-3.19060,19:00-21:00,https://www.eventbrite.co.uk/e/missing-maps-mapathon-tickets-23227901278
51.5117,-0.12458,2016-04-05,gb,Missing Maps London,"Qubit, London, United Kingdom",https://www.openstreetmap.org/node/4063248711#map=19/51.51170/-0.12458,18:00-21:00,https://www.eventbrite.co.uk/e/missing-mapshot-april-mapathon-tickets-23154228922
48.87195,2.34117,2016-04-07,fr,Mapathon Missing Maps Paris,"Mozilla, Paris, France",http://www.openstreetmap.org/node/2883451098,19:00-22:00,https://www.eventbrite.fr/e/billets-mapathon-missing-maps-paris-07042016-mozilla-23797515008
38.89693,-77.04448,2016-04-08,us,George Washington University HMS Mapathon,George Washington University - Old Main Building,http://osm.org/go/ZZcbKX_I?m=,17:00-21:00,https://docs.google.com/forms/d/1R1bIICC1_GaVDnHg0x6NyGFKXZj8jQ6ePHa24RG4Q8U/viewform?c=0&w=1
52.4984297,13.3809837,2016-04-10,de,Missing Maps Berlin,Wikimedia Deutschland,https://www.openstreetmap.org/node/2551527703,13:00-17:00,http://www.meetup.com/Missing-Maps-Berlin/events/229383763/
55.87613,-4.25768,2016-04-13,gb,Missing Maps Glasgow,"Whisky Bond, Glasgow, United Kingdom",http://www.openstreetmap.org/way/129345803#map=18/55.87613/-4.25768,18:00-21:00,https://www.eventbrite.co.uk/e/missing-maps-glasgow-8-the-whisky-bond-tickets-24192818371
58.14656,7.9878,2016-04-13,no,Missing Maps med IUG og Asplan Viak,"Vestre Strandgate 27,Kristiansand",http://www.openstreetmap.org/way/313459026#map=18/58.14656/7.98780,18:00-20:00,https://www.eventbrite.com/e/missing-maps-med-iug-og-asplan-viak-tickets-24424100141
40.13916,-105.13149,2016-04-13,us,FRCC Humanitarian Mapathon,"Oskar Blues Brewery, Longmont, United States",https://www.openstreetmap.org/node/467872341,17:00-19:00,http://www.meetup.com/OSM-Colorado/events/230153596/
50.54,4.4,2016-04-16,be,National Missing Maps Mapathon,"Seven universities across the country, Six cities across the country, Belgium",http://www.openstreetmap.org/relation/52411#map=8/50.540/4.400,9:30-17:00,https://www.eventbrite.com/e/national-missing-maps-mapathon-tickets-23149918028
39.92086,-105.10089,2016-04-21,us,GIS in Higher Ed. Humanitarian Mapathon,"Nighthawk Brewery, Broomfield, CO, United States",http://www.openstreetmap.org/way/210073939,17:00-19:00,http://www.meetup.com/OSM-Colorado/events/230227185/
63.41633,10.41059,2016-04-21,no,Missing Maps Mapathon,"Gløshaugen, Trondheim, Norway",http://www.openstreetmap.org/search?query=63.41443%2C10.40760#map=18/63.41633/10.41059,16:00-18:00,https://www.facebook.com/events/873408392782109/
54.9792,-1.6139,2016-04-21,gb,Newcastle Mapathon,"The Venue, Student's Union, Newcastle University, Newcastle upon Tyne, United Kingdom",https://www.openstreetmap.org/search?query=The%20Venue%2C%20Newcastle%20upon%20Tyne#map=15/54.9792/-1.6139,18:30-21:30,https://m.facebook.com/events/201384543563995/
46.51338,6.63375,2016-04-22,ch,Mapathon Missing Maps à Lausanne avec Terre des hommes,"Terre des hommes, Lausanne, Switzerland",http://www.openstreetmap.org/node/4084923951,19:00-22:00,https://www.eventbrite.fr/e/billets-mapathon-missing-maps-a-lausanne-avec-terre-des-hommes-23928578021
52.22937,0.15244,2016-04-25,gb,Missing Maps Cambridge,"1Spatial, Cambridge, United Kingdom",http://www.openstreetmap.org/node/3725965718#map=19/52.22937/0.15244,18:00-21:00,https://www.eventbrite.co.uk/e/missing-maps-mapathon-cambridge-tickets-24508731275
60.69089,17.13314,2016-04-26,se,Minimapathon Gävle (not public),"Gävlerinken Arena, Gävle, Sweden",http://www.openstreetmap.org/node/1446170107,9:30-12:30,
50.93545,-1.39657,2016-04-26,gb,Missing Maps Southampton,"Highfield Campus, University of Southampton",http://www.openstreetmap.org/relation/4163893#map=17/50.93545/-1.39657,18:00-21:00,https://www.facebook.com/events/967055040056646/
56.11939,-3.94622,2016-04-27,gb,Missing Maps Stirling,"The Stirling Smith Art Gallery and Museum, Stirling, UK",http://www.openstreetmap.org/node/1145473250#map=19/56.11939/-3.94622,18:00-20:30,https://www.eventbrite.co.uk/e/missing-maps-stirling-tickets-24456498044
51.8657,5.1247,2016-04-28,nl,Missing Maps + event,"Geofort, Geofort, Herwijnen, The Netherlands",https://www.openstreetmap.org/node/3551135130#map=19/51.86570/5.12470,18:00-22:00,https://www.eventbrite.com/e/missing-maps-event-tickets-2731932283
41.40386,2.19411,2016-04-28,es,Missing Maps Barcelona,"Pompeu Fabra University, Barcelona, Spain",https://www.openstreetmap.org/history#map=19/41.40386/2.19411,18:00-21:00,https://www.eventbrite.co.uk/e/msf-missing-maps-mapathon-tickets-24622272881
59.39625,5.29328,2016-04-28,no,Missing Maps with IUG Haugesund,"Haugaland Kraft, Haugesund, Norway",http://www.openstreetmap.org/node/2817045197#map=18/59.39625/5.29328,17:00-20:00,http://goo.gl/forms/j9PKOauNNy
53.40513,-2.96608,2016-05-03,gb,Missing Maps Liverpool,"Liverpool University The Guild, Liverpool, United Kingdom",http://www.openstreetmap.org/way/42729347,19:00-21:00,https://www.eventbrite.co.uk/e/mapathon-liverpool-tickets-21338041657
51.52552,-0.13484,2016-05-03,gb,Missing Maps London,"Welcome Trust, London, United Kingdom",http://www.openstreetmap.org/way/310882263,18:00-21:00,https://www.eventbrite.co.uk/e/missing-mapshot-may-mapathon-tickets-24650133212
47.5988193,-122.3331263,2016-05-04,us,MaptimeSEA,King County GIS Center,http://www.openstreetmap.org/?mlat=47.59909&mlon=-122.33136#map=19/47.59909/-122.33136,18:00-20:00,http://www.meetup.com/MaptimeSEA/events/230573877/
39.63553,-79.95629,2016-05-06,us,WV GIS Conference Humanitarian Mapping Workshop OSM-HOT,"West Virginia University, Brooks Hall Lab, Morgantown, WV, United States",http://www.openstreetmap.org/?mlat=39.63553&mlon=-79.95629#map=18/39.63553/-79.95629,10:00-12:00,
51.52152,-0.13126,2016-05-07,gb,"OSM Triple Mapping Party: Dar es Salaam, London, Vilnius","Room G04 University College London , London, United Kingdom",https://www.openstreetmap.org/way/40770442,09:00-17:00,https://www.eventbrite.co.uk/e/osm-triple-mapping-party-dar-es-salaam-london-vilnius-tickets-22109616458
-6.77485,39.24129,2016-05-07,tz,"OSM Triple Mapping Party: Dar es Salaam, London, Vilnius","Buni, Dar es Salaam, Tanzania",https://www.openstreetmap.org/node/3394964069,09:00-17:00,https://www.eventbrite.co.uk/e/osm-triple-mapping-party-dar-es-salaam-london-vilnius-tickets-22109616458
1.07512,34.17521,2016-05-07,ug,UCU Mapathon Event ,"UCU Mbale Campus, Mbale, Uganda",http://www.openstreetmap.org/#map=19/1.07512/34.17521,09:00-13:00,
63.39859,10.39677,2016-05-11,no,Mapathon med Ingeniører Uten Grenser Trøndelag og Multiconsult,"Multiconsult i Trondheim, Trondheim, Norway",http://www.openstreetmap.org/node/2958668743,17:00-19:00,http://iugmapathonmedmulticonsult11mai.eventbrite.com/
-37.8002,144.95927,2016-05-11,au,Missing Maps Melbourne,"Alan Gilbert Building, University of Melbourne, Australia",http://www.openstreetmap.org/way/22870778#map=19/-37.80019/144.95925,17:15-19:15,https://www.eventbrite.com/e/missing-maps-melbourne-registration-25013008582
43.0736118,-89.389775,2016-05-12,us,Missing Maps Mapathon!,Madison Public Library,http://www.openstreetmap.org/#map=19/43.07360/-89.38783,18:00-20:00,https://www.eventbrite.com/e/missing-maps-mapathon-tickets-25173007142
59.31815,18.07144,2016-05-13,se,Missing Maps Stockholm,"GiB, Stockholm, Sweden",http://www.openstreetmap.org/node/1246188851,9:00-17:00,mapathon.splashthat.com
43.30288,5.38683,2016-05-13,fr,Mapathon Missing Maps Marseille : LANCEMENT,"La Ruche, Marseille, France",http://www.openstreetmap.org/way/67696899,19:00-22:00,http://www.eventbrite.fr/e/billets-mapathon-missing-maps-marseille-lancement-25021944309
47.36086,8.56065,2016-05-15,ch,Missing Maps Zurich,"Schweizerisches Rotes Kreuz Kanton Zürich, Zurich, Switzerland",https://www.openstreetmap.org/way/121070256#map=19/47.36086/8.56065,18:00-20:00,http://www.meetup.com/Missing-Maps-Mapathons-in-and-around-Zurich/events/231240244/
48.11873,-1.70453,2016-05-17,fr,Missing Maps Rennes - Lancement,"Université de Rennes 2, Rennes, France",http://www.openstreetmap.org/way/110270764,19:00-22:00,https://www.eventbrite.fr/e/billets-mapathon-missing-maps-rennes-lancement-25209565489
34.59321,135.50453,2016-05-17,us,Maptime DC Mapathon,American Red Cross, http://osm.org/go/ZZcbKU~l9--?m=,17:30-19:30,http://www.meetup.com/Maptime-DC/events/230987954/
46.2163,6.14789,2016-05-18,ch,Mapathon Missing Maps Genève - avec MSF-CH,"MSF-CH, Genève, Switzerland",http://www.openstreetmap.org/way/223159251#map=19/46.21630/6.14789,18:00-21:00,http://www.eventbrite.fr/e/billets-mapathon-missing-maps-geneve-avec-msf-ch-25118430903
45.18353,5.70354,2016-05-18,fr,Mapathon Missing Maps Grenoble #3 - MissingMaps May by MapTime,"La Coop, Grenoble, France",http://www.openstreetmap.org/way/322443010,18:30-22:30,http://www.eventbrite.fr/e/billets-mapathon-missing-maps-grenoble-3-missingmaps-may-by-maptime-25212551420
52.08726,5.16736,2016-05-18,nl,Missing Maps Utrecht,"Victor J. Koningsbergergebouw, Utrecht, The Netherlands",http://www.openstreetmap.org/way/301054314#map=19/52.08726/5.16736,17:00-21:00,http://goo.gl/forms/zmIz9sFypc
39.7461317,-105.0031748,2016-05-19,us,Missing Maps May Mapathon!,Auraria Campus - North Classroom Bldg,http://www.openstreetmap.org/#map=19/39.74573/-105.00230,18:00-20:00,http://www.meetup.com/MaptimeMileHigh/events/230905731/
29.75404,-95.36582,2016-05-20,us,Missing Maps Houston,"Accenture Houston Office, Houston, United States",https://www.openstreetmap.org/export#map=19/29.75404/-95.36582,16:00-18:00,
45.77812,3.09092,2016-05-22,fr,Mapathon Missing Maps SOTM 2016 - Clermont-Ferrand,"Groupe ESC Clermont, Clermont-Ferrand, France",http://www.openstreetmap.org/way/34785780,10:00-13:00,https://www.eventbrite.fr/e/billets-mapathon-missing-maps-sotm-2016-clermont-ferrand-24966890642
-15.44292,28.34955,2016-05-23,zm,Missing Maps Lusaka,"Woodlands, plot 3 benangombe road, Lusaka, Zambia",http://www.openstreetmap.org/way/94504120#map=19/-15.44292/28.34955,15:00-17:00,http://www.facebook.com/osmzambia
43.6619485,-70.2772412,2016-05-23,us,#MissingMapTime,University of SouthernMaine in Portland,http://www.openstreetmap.org/#map=17/43.66222/-70.27458,18:00-20:00,http://www.meetup.com/MaptimeME/events/230074136/
43.60268,1.45418,2016-05-24,fr,Mapathon Missing Maps Toulouse : LANCEMENT,"La Cantine, Toulouse, France",https://www.openstreetmap.org/node/1936879523#map=19/43.60268/1.45418,19:15-22:00,https://www.eventbrite.fr/e/billets-mapathon-missing-maps-toulouse-lancement-25118024688
55.86601,-4.26104,2016-05-24,gb,Missing Maps Glasgow,"The Project Cafe, Glasgow, United Kingdom",http://www.openstreetmap.org/node/3429875881#map=19/55.86601/-4.26104,18:00-21:00,https://www.eventbrite.co.uk/e/missing-maps-glasgow-9-the-project-cafe-tickets-25300069188
50.0913,14.45428,2016-05-24,cz,Missing Maps Prague,"Economia, Prague, Czech Republic",http://www.openstreetmap.org/node/4195043179,18:00-20:00,https://www.eventbrite.co.uk/e/missing-maps-czech-republic-prvni-setkani-tickets-25508984058
37.78687,-122.39956,2016-05-24,us,Missing Maps Meetup!,Wikimedia Foundation,http://www.openstreetmap.org/#map=19/37.78687/-122.39990,18:30-20:30,http://www.meetup.com/Maptime-SF/events/231194323/
40.74445,-73.98721,2016-05-25,us,MaptimeNYC,"Enigma.io Offices, New York City, United States",https://www.openstreetmap.org/node/4202401314,7:00-10:00,http://www.meetup.com/Maptime-NYC/events/231277088/
44.5636821,-123.2639384,2016-05-26,us,Maptime Corvallis,Foundry Annex,http://www.openstreetmap.org/?mlat=44.56380&mlon=-123.26371#map=19/44.56380/-123.26371,18:30-20:00,http://www.meetup.com/Maptime-Corvallis/events/230718202/
34.86647,134.54461,2016-05-26,jp,CHIZU BAR@Tatsuno,"Community Bar FURUSATO, Tokyo, Japan",http://www.openstreetmap.org/node/4079710205,19:00-21:30,https://www.facebook.com/events/630813187070667/
39.10219,-84.50869,2016-05-26,us,NGID 2016 (Alternate Day): Humanitarian Open Street Map,"Cincinnati Nielsen Office, Cincinnati, OH, United States",http://www.openstreetmap.org/way/28719627,11:00-01:00,
50.8334,4.36395,2016-06-06,be,Missing Maps @ MSF/HI ,"MSF/HI Brussels HQ, Belgium",http://www.openstreetmap.org/node/3395003157#map=19/50.83340/4.36395,17:00-21:00,https://www.eventbrite.com/e/missing-maps-msfhi-brussels-tickets-25116408855
51.52417,-0.13451,2016-06-07,gb,Missing Maps/HOT June Mapathon,"Chadwick Building/UCL, London, United Kingdom",http://www.openstreetmap.org/#map=19/51.52417/-0.13451,18:00-21:00,https://www.eventbrite.co.uk/e/missing-mapshot-june-mapathon-tickets-25669310599
49.41872,8.67657,2016-06-08,de,Mapping Support event for Sokodé (Togo),"Geographical Institute (Heidelberg University), Heidelberg, Germany",https://www.openstreetmap.org/way/94551367,18:00-23:00,
48.87194,2.34122,2016-06-09,fr,Mapathon Missing Maps Paris #5,"Mozilla, Paris, France",http://www.openstreetmap.org/node/2883451098,19:00-22:00,https://www.eventbrite.fr/e/billets-mapathon-missing-maps-paris-5-mozilla-25778062880
46.51783,6.65581,2016-06-11,ch,Missing Maps PULLY.INTERGEN.DIGITAL,"Salle des Liaudes, Pully (Lausanne), Switzerland",http://www.openstreetmap.org/node/3723996028,10:00-18:00,https://cloudready.typeform.com/to/lDIQEg
52.20003,0.13802,2016-06-15,gb,Missing Maps June Mapathon - Cambridge,"Hot Numbers Coffee, Cambridge, United Kingdom",http://www.openstreetmap.org/#map=19/52.20003/0.13802,19:00-21:30,https://www.eventbrite.co.uk/e/missing-maps-june-mapathon-cambridge-tickets-25657631667
49.41872,8.6769,2016-06-16,de,2nd MissingMaps Mapathon for Sokode/Togo in Heidelberg,"Institute of Geography, Heidelberg University, Heidelberg, Germany",http://www.openstreetmap.org/way/94551367,18:00-20:00,https://disastermappers.wordpress.com/2016/06/02/mapping-sokode-remote-support-to-enable-local-development/
23.7537,90.4048,2016-06-17,bd,Dhaka Map-Ter-Noon,"Training Room, Bangladesh Redcross & Red crescent society, Dhaka, Bangladesh",http://www.openstreetmap.org/?mlat=23.7537&mlon=90.4048#map=16/23.7537/90.4048,15:30-18:30,https://www.facebook.com/groups/osmbd/
59.92754,10.6764,2016-06-21,no,Missing Maps workshop med IUG Oslo og Høyer Finseth,"Høyer Finseth, OSLO, Norway",http://www.openstreetmap.org/#map=19/59.92754/10.67640,17:00-19:30,https://www.eventbrite.com/e/missing-maps-workshop-med-hyer-finseth-og-iug-oslo-tickets-25800434795
50.08891,14.41617,2016-06-21,cz,Missing Maps Prague,"Faculty of Arts, Charles University in Prague, Prague, Czech Republic",http://www.openstreetmap.org/?mlat=50.08891&mlon=14.41617#map=17/50.08891/14.41617,18:00-20:30,https://www.eventbrite.co.uk/e/missing-maps-czech-republic-druhy-mapathon-tickets-25926090635
51.51605,-0.12754,2016-06-23,gb,Missing Maps Mapathon CSG,"Google (Central Saint Giles), London, United Kingdom",http://www.openstreetmap.org/way/93217408,09:00-12:00,
35.683,139.759,2016-06-23,jp,Google Tokyo Mapathon,"Tokyo, Japan",http://www.openstreetmap.org/#map=11/35.6830/139.7590,17:00-20:00,
40.6978,-74.1508,2016-06-23,us,Missing Maps New york,"NYC-9TH-4A100-Baker Field , New York, United States",http://www.openstreetmap.org/#map=10/40.6978/-74.1508,18:00-21:00,
-33.8663,151.19474,2016-06-24,au,Missing Maps Accenture ANZ,"Accenture, Pyrmont, Australia",http://www.openstreetmap.org/way/173164608,11:30-14:00,
32.8136388,-117.1255872,2016-06-25,us,American Samoa Mapathon,American Red Cross San Diego/Imperial Counties Chapter,http://www.openstreetmap.org/#map=18/32.81373/-117.12411,09:00-11:00,http://volunteerconnection.redcross.org/?nd=m_group_events-reserve&group_id=559&event_id=50618
47.22131,-1.56353,2016-06-30,fr,Missing Maps Nantes #1,"Médiagraph, Nantes, France",http://www.openstreetmap.org/node/2731248933#map=19/47.22131/-1.56254,18:30-21:30,https://www.eventbrite.fr/e/billets-missing-maps-nantes-1-mediagraph-26278136614
51.51796,-0.10571,2016-07-05,gb,Missing Maps London,"Hogan Lovells (office), London, United Kingdom",https://www.openstreetmap.org/way/32893465#map=19/51.51796/-0.10571,18:00-21:00,https://www.eventbrite.co.uk/e/missing-mapshot-july-mapathon-tickets-26145402603
41.4038,2.19323,2016-07-07,es,MSF UPF Mapathon,"UPF, Barcelona, Spain",http://osm.org/go/xUbUrmZL9?way=68777521,18:00-21:00,https://www.eventbrite.co.uk/e/msf-missing-maps-upf-mapathon-tickets-25953747357
45.77544,4.825,2016-07-12,fr,Missing Maps Lyon - 3è édition,"Maison des associations, Lyon 4, Lyon, France",http://www.openstreetmap.org/node/990502852,18:30-21:30,http://mm-lyon-3.eventbrite.fr
35.56636,139.40263,2016-07-14,jp,AGU CrisisMapping Mapathon,"Sagamihara Campus, Aoyama Gakuin Univ., Tokyo, Japan",http://www.openstreetmap.org/way/391131574,15:05-18:20,
51.5205,-0.09839,2016-07-19,gb,MapSwipe Launch Party,"Neo Barbician, London, United Kingdom",http://www.openstreetmap.org/#map=19/51.52050/-0.09839,18:00-20:00,https://www.eventbrite.co.uk/e/mapswipe-launch-party-tickets-26422896595
45.42759,-75.6941,2016-07-20,ca,SurveyMonkey Mappers,"SurveyMonkey Ottawa, Canada",http://www.openstreetmap.org/way/69043110#map=19/45.42759/-75.69413,12:00-15:00,
37.39761,-122.05422,2016-07-21,us,Symantec Summer Intern Mapathon,"Multiple locations: Mountain View / Culver City, CA, + remotely from Canada, Atlanta, etc",http://www.openstreetmap.org/way/99814869,10:00-12:30,
50.06991,14.44212,2016-07-26,cz,Prague mapathon #3,"K10 Coworking, Prague, Czech Republic",http://www.openstreetmap.org/?mlat=50.06991&mlon=14.44212#map=19/50.06991/14.44212,18:00-20:30,https://www.eventbrite.co.uk/e/missing-maps-czech-republic-treti-mapathon-tickets-26633756282
43.7178,-79.4621,2016-07-29,ca,Missing Maps Toronto,"Toronto, Canada",,14:00-16:00,
23.74745,90.37019,2016-07-29,bd,Dhaka Map-Ter-Noon : July'2016,"Thames Square, Dhaka, Bangladesh",http://www.openstreetmap.org/?mlat=23.74745&mlon=90.37019#map=18/23.74745/90.37019,15:00-19:00,https://www.eventbrite.co.uk/e/dhaka-map-ter-noon-july2016-tickets-26622204731
41.8744145,-87.683881,2016-08-01,us,Mapathon: Maptime Chicago and Red Cross,American Red Cross,http://www.openstreetmap.org/#map=19/41.87443/-87.68444,18:00-21:00,https://www.eventbrite.com/e/missing-maps-mapathon-hosted-by-the-red-cross-and-maptime-chicago-tickets-26287259902
51.52416,-0.13451,2016-08-02,gb,Missing Maps London,"Chadwick Building - UCL, London, United Kingdom",http://www.openstreetmap.org/node/3381185793,18:00-21:00,https://www.eventbrite.co.uk/e/missing-mapshot-august-mapathon-tickets-26723286068
49.41872,8.6769,2016-08-02,de,Missing Maps mapathon and OSM Togo talk,"Geographical Institute (Heidelberg University), Heidelberg, Germany",http://www.openstreetmap.org/way/94551367,18:00-23:00,https://disastermappers.wordpress.com/2016/07/27/semester-closing-mapathon-and-talk-by-kerstin-meyer-on-the-use-of-osm-data-in-togo/
23.74745,90.37019,2016-08-19,bd,Dhaka Map-Ter-Noon : August'2016,"Thames Square, Dhaka, Bangladesh",http://www.openstreetmap.org/?mlat=23.74745&mlon=90.37019#map=18/23.74745/90.37019,15:00-18:30,https://www.eventbrite.co.uk/e/dhaka-map-ter-noon-august2016-tickets-26899150082
50.07273,14.44618,2016-08-30,cz,Prague mapathon #4,"Svět - hub, Prague, Czech Republic",http://www.openstreetmap.org/?mlat=50.07273&mlon=14.44618#map=19/50.07273/14.44618,18:00-20:30,https://www.eventbrite.co.uk/e/missing-maps-czech-republic-mapathon-4-tickets-27210687900
51.5117,-0.1246,2016-09-06,gb,Missing Maps/HOT London,"Qubit London, UK",http://www.openstreetmap.org/node/4063248711#map=19/51.51170/-0.12460,18:00-21:00,https://www.eventbrite.co.uk/e/missing-mapshot-september-mapathon-tickets-27153238066
52.21769,6.89102,2016-09-15,nl,Missing Maps Enschede,"Schermerhorn Lounge, ICT International Hotel, The Netherlands",http://www.openstreetmap.org/#map=20/52.21769/6.89119&layers=H,17:00-21:00,https://goo.gl/forms/LwIFxcBRcfjVTppn2
52.0089,4.35673,2016-09-15,nl,IHE Mapping Party,"IHE campus, Delft, The Netherlands",http://www.openstreetmap.org/?mlat=52.00890&mlon=4.35673#map=19/52.00890/4.35673,17:30-22:00,https://www.unesco-ihe.org/mapathon-hosted-unesco-ihe
55.86601,-4.26102,2016-09-20,gb,Missing Maps Glasgow,"Project Cafe, Glasgow, United Kingdom",http://www.openstreetmap.org/node/3429875881#map=19/55.86601/-4.26102,18:00-21:00,https://www.eventbrite.co.uk/e/missing-maps-glasgow-10-the-project-cafe-tickets-27408468467
29.2285,-81.0162,2016-09-20,us,CFGIS Workshop,"Ocean Center, Daytona Beach, United States",http://osm.org/go/ZGlpIXjo--,14:15-15:15,http://www.cfgisworkshop.org
51.51315,-0.13392,2016-09-20,gb,Missing Maps London Advanced Mappers Mapathon,"Thoughtworks, London, United Kingdom",http://www.openstreetmap.org/#map=19/51.51315/-0.13392,18:00-21:00,https://www.eventbrite.co.uk/e/missing-maps-london-september-mid-month-mapping-party-tickets-27675785018
60.15964,24.95489,2016-09-21,fi,HOT @ SPR,"Finnish Red Cross Headquarters, Helsinki, Finland",http://www.openstreetmap.org/?mlat=60.15964&mlon=24.95489#map=19/60.15964/24.95489,17:00-20:00,https://www.eventbrite.com/e/spr-hotosm-mapathon-tickets-27309204566
50.8334,4.36361,2016-09-22,be,HOT Summit Mapathon,"MSF/HI, Brussels, Belgium",http://www.openstreetmap.org/node/3395003157,18:00-21:30,http://hotmapathon.eventbrite.com
47.68738,-122.35535,2016-09-24,us,Missing Maps mapathon Seattle,"Seattle Public Library, Greenwood Branch, Seattle, United States",http://osm.org/go/WIX7pr8LU?m=,09:45-12:00,http://www.meetup.com/OpenStreetMap-Seattle/events/234138189/
50.1039,14.3906,2016-09-27,cz,September Prague Mapathon,"National Library of Technology, Prague, Czech Republic",http://www.openstreetmap.org/node/2904943126#map=16/50.1039/14.3906,18:00-20:30,https://www.eventbrite.co.uk/e/missing-maps-czech-republic-zarijovy-mapathon-tickets-27882570519
53.4035,-2.965,2016-10-03,gb,Missing Maps Liverpool,"School of Arts, University of Liverpool, Liverpool, United Kingdom",http://www.openstreetmap.org/way/274228064#map=16/53.4035/-2.9650,13:00-16:30,https://www.eventbrite.co.uk/e/mapping-party-tickets-27724810655
51.52734,-0.08218,2016-10-04,gb,Missing Maps London October Mapathon,"Aviva Digital Garage, London, United Kingdom",http://www.openstreetmap.org/#map=19/51.52734/-0.08218,18:00-21:00,https://www.eventbrite.co.uk/e/missing-mapshot-october-mapathon-tickets-27676086921
48.87241,2.36497,2016-10-04,fr,Paris Missing Maps mapathon,"La Ruche Canal, Paris, France",http://www.openstreetmap.org/way/63196894,18:30-21:30,https://www.eventbrite.fr/e/billets-missing-maps-paris-6-27935030428
50.7369,-3.5377,2016-10-04,gb,University of Exeter Mapathon,"University of Exeter (Forum Exploration Lab 1), Exeter, United Kingdom",http://www.openstreetmap.org/way/19989374,18:00-20:00,https://www.facebook.com/events/625693110944498/
63.4317,10.35508,2016-10-05,no,IUG Mapping Community,"Rambøll, Trondheim, Norway",http://www.openstreetmap.org/node/2958725083,17:00-19:30,https://www.eventbrite.com/e/mapathon-med-iug-trndelag-og-rambll-tickets-27664354830?aff=es2
38.89919,-77.04841,2016-10-12,us,HMS GW Missing Maps Mapathon,"Gelman Library, George Washington University",http://www.openstreetmap.org/way/66409261#map=19/38.89924/-77.04811,19:00-21:00,https://www.eventbrite.com/e/gwu-humanitarian-mapping-society-missing-maps-october-mapathon-tickets-28339524280
60.20441,24.96254,2016-10-14,fi,Missing Maps @ Kehyviikko,"Kumpula campus, Helsinki, Finland",http://www.openstreetmap.org/way/38934810#map=17/60.20441/24.96254&layers=C,16:00-19:00,https://www.facebook.com/events/1779744158954674/
45.56386,5.92665,2016-10-18,fr,GeOnG Mapathon,"Congress Centre ""Le Manège"", Chambéry, France",http://www.openstreetmap.org/way/110566749,17:15-19:00,https://www.eventbrite.fr/e/billets-missing-maps-geong-28356388722
40.42828,-104.68966,2016-10-20,us,University of Northern Colorado Humanitarian Mapathon,"Weldwerks Brewing Co., Greeley, Colorado US",http://www.openstreetmap.org/way/397126693#map=19/40.42828/-104.68966,17:00-19:00,http://www.meetup.com/OSM-Colorado/events/233385676/
40.80751,-73.96011,2016-10-22,us,Missing Maps,"Columbia University International Affairs Building, New York, United States",http://www.openstreetmap.org/#map=19/40.80751/-73.96011,12:00-14:00,https://www.facebook.com/events/1670691366577713/
58.93886,5.69334,2016-10-25,no,Missing Maps Mapathon,"UIS, Ivar Langens hus, Stavanger, Norway",http://www.openstreetmap.org/#map=19/58.93886/5.69334,17:00-21:00,https://www.facebook.com/events/1796518753939059/
51.22181,4.41457,2016-10-26,be,Missing Maps Antwerp,"IPIS research, 98A Italiëlei, Antwerp, Belgium",https://www.openstreetmap.org/way/378681739,17:00-21:30,https://www.eventbrite.com/e/missing-maps-ipis-tickets-28289130551
41.31417,-105.58063,2016-10-26,us,U of Wyoming Humanitarian Mapathon,"WyGISC's Computer Labs, Agriculture Building C, Room 316",http://www.openstreetmap.org/relation/6010069,18:00-20:00,http://www.meetup.com/OSM-Wyoming/events/234443100/
57.70574,11.98382,2016-10-26,se,GIS-väst pub med Sweco och Missing Maps,"Sweco office, Göteborg, Göteborg, Sweden",http://www.openstreetmap.org/way/441573056,16:00-21:00,http://www.gisvast.se/gis-vast-pub-med-sweco-2610/
40.57466,-105.08498,2016-10-27,us,Colorado State University Humanitarian Mapathon,"Ramskeller, Lory Student Center, CSU Campus",https://www.openstreetmap.org/node/3843990703,17:00-19:00,http://www.meetup.com/OSM-Colorado/events/234643748/
48.94558,2.36254,2016-10-27,fr,Missing Maps St Denis,"Université Paris 8, Paris, France",http://www.openstreetmap.org/way/31244195,18:30-21:00,https://www.eventbrite.fr/e/billets-missing-maps-saint-denis-28602298244
43.31646,-1.97556,2016-10-29,es,Missing Maps Donostia,"Tabakalera, San Sebastian, San Sebastian, Spain",http://www.openstreetmap.org/search?query=spain#map=18/43.31646/-1.97556,17:00-21:00,https://www.tabakalera.eu/es/mapathon-missing-maps
51.52174,-0.13796,2016-11-01,gb,Missing Maps 2 Year Anniversary Mapathon,"Arup, London, United Kingdom",http://www.openstreetmap.org/#map=19/51.52174/-0.13796,18:00-21:00,https://www.eventbrite.co.uk/e/missing-maps-2-year-anniversary-mapathon-tickets-28651384061
27.2867,91.5237,2016-11-01,bt,#100mapathons Department of Geography & Planning || YouthMappers Mapathon,"Department of Geography & Planning, Kanglung, Bhutan",http://www.openstreetmap.org/search?query=27.2867114%2C91.5236878#map=15/27.2867/91.5237,8:30-10:30,n/a
40.432,-86.9382,2016-11-02,us,Zeta Theta Map-A-Thon,"Krannert Building - Purdue University, West Lafayette, IN, United States",http://www.openstreetmap.org/#map=14/40.4320/-86.9382,6:13-8:30,https://goo.gl/forms/lcRwMSz31YOD3F5i1
50.7369,-3.5377,2016-11-02,gb,Missing Maps Exeter,"University of Exeter: Forum Exploration Lab 1, Exeter, United Kingdom",http://www.openstreetmap.org/way/19989374,18:00-20:00,https://www.facebook.com/events/279649152428883/
33.58444,-101.87411,2016-11-02,us,#100mapathons Texas Tech MapOff with West Virginia,"Texas Tech University, Lubbock, United States",http://www.openstreetmap.org/node/356750751,18:40-20:00,n/a
42.7947,-77.8228,2016-11-02,us,#100mapathons SUNY Youth Mappers Mapathon,"SUNY Geneseo, United States",http://www.openstreetmap.org/search?query=1%20College%20Circle%20Geneseo%2C%20NY%2014454#map=15/42.7947/-77.8228,16:30-18:30,n/a
32.84428,-96.78407,2016-11-03,us,SMU Mapathon Map Party,"Collaborative Commons, Fondren Library, Dallas, TX, United States",http://osm.org/go/Tt5NtgX6Q?m,12:00-17:00,http://libcal.smu.edu/event/2839561
48.19544,16.36678,2016-11-07,at,Joint RC and MSF Mapathon Vienna,"Austrian Red Cross, Wiedner Hauptstrasse 32, 1040 Wien, Vienna, Austria",http://www.openstreetmap.org/#map=5/51.500/-0.100,15:00-18:00,https://www.eventbrite.fr/e/billets-missing-maps-vienna-austria-7th-of-november-29077083339
38.89921,-77.04836,2016-11-09,us,#100mapathons GWU Humanitarian Mapping Society & Missing Maps: November Mapathon,"Gelman Library, Washington DC, United States",http://www.openstreetmap.org/search?query=gELMAN%20LIBRARY%2C%20WASHINGTON%20DC#map=19/38.89921/-77.04836,19:00-21:00,
7.7567,-8.8148,2016-11-10,gn,#100mapathons American Red Cross Mapathon,"N'zerekore, Guinea",n/a,00:00-00:00,n/a
49.59247,17.2635,2016-11-10,cz,#100mapathons 1. olomoucký mapathon s Lékaři bez hranic - Missing Maps,"Faculty of Science, Olomouc, Czech Republic",http://www.openstreetmap.org/search?query=17.%20listopadu%2012%20Olomouc#map=19/49.59247/17.26350,18:00-21:00,https://www.facebook.com/events/1669268096719058/
28.20906,83.99585,2016-11-10,np,#100mapathons KLL Open Data Challenge,"Kathmandu Living Labs, Pokhara, Pokhara, Nepal",http://www.openstreetmap.org/?mlat=28.209065794944763&mlon=83.99585098028183#map=19/28.20906/83.99585,10:00-17:00,
39.63051,-79.958,2016-11-11,us,#100mapathon West Virginia University YouthMappers Mapathon,"Morgantown Brewing Company, Morgantown, United States",http://www.openstreetmap.org/search?query=West%20Virginia%20University%20morgantown#map=19/39.63051/-79.95800,15:00-17:00,n/a
38.8296,-77.30528,2016-11-11,us,#100mapathons Mason Mappers OpenStreetMap Workshop,"George Mason University Center for Social Science Research and Potomac Arts Academy, Fairfax, United States",https://www.openstreetmap.org/way/256751303#map=19/38.82960/-77.30528,13:00-14:00,https://www.eventbrite.com/e /mad-aag-2016-tickets- 26316097155?aff=eac2
42.37672,20.42623,2016-11-11,rs,#100mapathons Elementary School M. Kepuska Mapathon,"Gjakova, Gjakova, Kosovo, Serbia",http://www.openstreetmap.org/#map=19/42.37672/20.42623,13:30-15:30,
48.81747,2.39502,2016-11-12,fr,#100mapathons Mapathon Ivry-Dianguirdé,"Espace public, maison de la citoyenneté J. Rousseau, Ivry-sur-Seine, France",http://www.openstreetmap.org/way/79153438,14:00-18:00,https://www.eventbrite.fr/e/billets-mapathon-missing-maps-dianguirde-mali-jumelee-avec-ivry-sur-seine-94-29054349341
12.97912,77.59096,2016-11-12,in,#100mapathons Map Reading workshop for school children,"Bengaluru, Bengaluru, India",http://www.openstreetmap.org/node/3401391999,8:00-12:00,
8.479,-13.26828,2016-11-12,sl,#100mapathons Sierra Leone Red Cross Society Mapathon,"Saint George, Freetown, Freetown, Sierra Leone",http://www.openstreetmap.org/node/27565056,10:00-13:00,
15/55.8619,-4.338,2016-11-13,gb,#100mapathons Medsin National Conference 2016,"Queen Elizabeth University Hospital TLC , Glasgow , United Kingdom",http://www.openstreetmap.org/#map=15/55.8619/-4.3382&layers=N,09:00-17:00,http://medsin.org/news-and-events/national-conferences/national-conference-2016/national-conference-2016-inspiring-change-glasgows-call-to-action/booking
52.22365,6.88566,2016-11-14,nl,#100mapathons Mapping Party - Missing Maps Malawi,"ITC, Faculty of Geo-Information, Enschede, The Netherlands",http://www.openstreetmap.org/?mlat=52.22364&mlon=6.88566#map=19/52.22365/6.88566&layers=H,15:00-20:00,https://goo.gl/forms/A5Dy5soZ26IsE3q53
52.00906,4.3569,2016-11-14,nl,#100mapathons Mapping Party: putting Malawi on the map,"UNESCO-IHE Institute for Water Education, Delft, The Netherlands",http://www.openstreetmap.org/way/254135534,15:30-20:00,https://www.unesco-ihe.org/mapping-party-putting-malawi-map
38.91207,-77.01902,2016-11-14,us,#100mapathons OSM GeoWeek Mapathon - Hosted by Development Seed,"Development Seed, Washington DC, United States",http://www.openstreetmap.org/search?query=38.912068%2C-77.01902280000002#map=18/38.91207/-77.01902,18:30-21:00,https://www.eventbrite.com/e/osm-geoweek-mapathon-hosted-by-development-seed-tickets-29088088255
42.908,-78.87615,2016-11-14,us,#100mapathons SUNY at Buffalo Mapathon,"Ellicott Complex Buffalo, Buffalo, United States",http://www.openstreetmap.org/way/23641103#map=17/42.90800/-78.87615,16:30-19:00,https://www.meetup.com/Maptime-Buffalo/
52.00906,4.35656,2016-11-14,nl,#100mapathons Mapping Party: putting Malawi on the map,"UNESCO-IHE Water Institute, Delft, The Netherlands",http://www.openstreetmap.org/way/254135534,15:30-20:00,https://www.unesco-ihe.org/mapping-party-putting-malawi-map
39.74423,-105.00162,2016-11-14,us,#100mapathons MSU Mapathon for Mongolia,"Science Building, Denver, United States",http://www.openstreetmap.org/way/189250543#map=18/39.74423/-105.00162,17:00-19:00,http://sites.msudenver.edu/geospatial/2016/11/01/openstreetmap-mapathon-november-14-5pm/
39.74511,-105.00863,2016-11-14,us,#100mapathons Ger Community Mapping Center Mapathon,"Metropolitan State University Aerospace and Engineering Sciences Building, Denver, United States",http://www.openstreetmap.org/?mlat=39.74510595202446&mlon=-105.00863313674927#map=18/39.74511/-105.00863,17:00-19:00,http://sites.msudenver.edu/geospatial/2016/11/01/openstreetmap-mapathon-november-14-5pm/
40.87687,-124.07752,2016-11-14,us,#100mapahons HSU Mapathon for Ulaanbaatar,"Kosmos Lab, Arcata, United States",https://www.openstreetmap.org/note/775713#map=19/40.87687/-124.07752&layers=N,11:00-14:00,https://www.facebook.com/events/1792127874362502/
40.57306,-105.08476,2016-11-14,us,#100mapathons CSU Mapathon for Mongolia,"Morgan Library, Computer Lab 173, Fort Collins, CO, United States",http://www.openstreetmap.org/relation/3080945,17:00-19:00,http://www.meetup.com/OSM-Colorado/events/235419601/
28.1846,83.9731,2016-11-14,np,#100mapathons 2C in Action Workshop,"Temple Tree Resort and Spa, Pokhara, Nepal",http://www.openstreetmap.org/?mlat=28.205877989530563&mlon=83.96354645490646#map=14/28.1846/83.9731,9:00-17:00,
0.34937,32.6287,2016-11-14,ug,#100mapathons Kyambogo University Mapathon,"Kyambogo University, Kampala, Uganda",http://www.openstreetmap.org/?mlat=0.34937&mlon=32.62870#map=17/0.34937/32.62870,10:00-14:00,
40.13857,-105.12809,2016-11-15,us,#100mapathons Front Range Community College Humanitarian Mapathon,Common Area of the Classroom Building of FRCC,http://www.openstreetmap.org/way/365355011,17:00-19:00,http://www.meetup.com/OSM-Colorado/events/234696760/
51.51315,-0.13359,2016-11-15,gb,#100mapathons Missing Maps London Mid-Month Advanced Mapathon,"Thoughtworks, London, United Kingdom",http://www.openstreetmap.org/#map=19/51.51315/-0.13359,18:00-21:00,https://www.eventbrite.co.uk/e/missing-maps-london-november-mid-month-mapping-party-tickets-28890484216
38.89487,-77.04173,2016-11-15,us,#100mapathons Lunch and Learn with OSM Institutions,"American Red Cross National Headquarters, Washington DC, United States",https://www.openstreetmap.org/way/65780859,11:30-14:00,
44.48767,11.32917,2016-11-15,it,#100mapathons University of Bologna DICAM Department - OpenStreetMap Geography Awareness Week Mapathon,"Aula Magna at the School of Engineering and Architecture, University of Bologna, Bologna, Italy",http://www.openstreetmap.org/node/1638063755,11:00-14:00,https://goo.gl/forms/59mhBInG1UMkqp9e2
-15.3581,28.3291,2016-11-15,zm,#100mapathons OSM Zambia Mapathon,"Lusaka, Lusaka, Zambia",http://www.openstreetmap.org/way/22503172#map=13/-15.3581/28.3291,8:00-17:00,n/a
44.0421,-121.31505,2016-11-15,us,#100mapathons MapTime Bend,"Bend Memorial Clinic-Oldmill, Bend, United States",http://osm.org/go/TdbOjyVzA?m=,18:00-20:00,n/a
43.10478,-77.6133,2016-11-15,us,#100mapathons Monroe Community College YouthMappers ,"Monroe Community College, Rochester, United States",http://www.openstreetmap.org/way/20119916,18:00-20:00,n/a
50.8419,4.32299,2016-11-15,be,#100mapathons EGEA Brussels | Geography Student Union (BAK) Mapathon,"Vrije Universiteit Brussel , Brussels, Belgium",http://www.openstreetmap.org/way/313486960,17:00-21:00,https://www.facebook.com/events/1713502142310254/
41.37778,-83.64061,2016-11-15,us,#100mapathons Anime In Northwest Ohio,"Bowen-Thompson Student Union, Bowling Green, United States",https://www.openstreetmap.org/way/182401910#map=18/41.37778/-83.64061,17:00-19:30,https://orgsync.com/10276/events/1687974/occurrences/3918798
42.2525,-71.8226,2016-11-15,us,#100mapathons Clark Mappers,"JC, Worcester, MA, United States",http://www.openstreetmap.org/export#map=12/42.2525/-71.8226,06:00-07:10,https://www.facebook.com/events/883728308429686/
40.13876,-105.12818,2016-11-15,us,#100mapathons FRCC Humanitarian Mapathon,"BCC Classroom Building, Longmont, United States",http://www.openstreetmap.org/way/365355011,17:00-19:00,http://www.meetup.com/OSM-Colorado/events/234696760/
3.3742,-76.5333,2016-11-15,co,#100mapathon Universidad del Valle Mapathon,"Universidad del Valle, Cali, Colombia",https://www.openstreetmap.org/search?query=Universidad%20del%20Valle#map=16/3.3742/-76.5333,00:00-00:00,
34.07487,-118.44141,2016-11-16,us,#100mapathons Missing Maps UCLA,"Young Research Library, Los Angeles, United States",http://www.openstreetmap.org/#map=19/34.07487/-118.44141,12:30-15:00,https://sandbox.idre.ucla.edu/gisday/rsvp/
-8.65335,115.12631,2016-11-16,id,#100mapathons Map for Environment Mapathon,"Dojo, Bali, Indonesia",https://www.openstreetmap.org/way/373170506,18:00-21:00,
34.4143,-119.8597,2016-11-16,us,#100mapathons GIS Day @ UCSB,"Star lab, Ellison Hall, UCSB, Santa Barbara, United States",http://www.openstreetmap.org/relation/3847743,13:00-16:00,https://www.facebook.com/events/1164297003665320/
38.9837,-76.94366,2016-11-16,us,#100mapathons University of Maryland GIS Day Humanitarian OpenStreetMap Mapathon,"Lefrak Hall, College Park, United States",https://www.openstreetmap.org/way/314901003#map=19/38.98370/-76.94366,9:00-15:00,n/a
45.483,9.2314,2016-11-16,it,#100mapathons Politecnico di Milano || YouthMappers Mapathon,"Politecnico di Milano, Milan, Italy",http://www.openstreetmap.org/search?query=Politecnico%20di%20Milano%20#map=15/45.4830/9.2314,00:00-00:00,n/a
51.50619,-0.12742,2016-11-16,gb,#100mapathons DFID Mapathon London,"London, United Kingdom",http://www.openstreetmap.org/node/3340681799#map=19/51.50619/-0.12742,00:00-00:00,n/a
55.76073,-4.22449,2016-11-16,gb,#100mapathons DFID Mapathon East Kilbride,"East Kilbrid, United Kingdom",http://www.openstreetmap.org/node/3899778519#map=17/55.76073/-4.22449,00:00-00:00,n/a
34.67666,-82.83633,2016-11-16,us,#100mapathons Clemson Mappers || YouthMappers Mapathon,"Clemson Center for Geospatial Technologies, Clemson, United States",http://www.openstreetmap.org/way/5583159#map=19/34.67666/-82.83633,12:00-13:00,http://www.clemsongis.org/gis-day-2016
45.95995,5.35645,2016-11-16,fr,#100mapathons Missing Maps Ambérieu SSI,"MJC Ambérieu Maison pour Tous, Ambérieu-en-Bugey, France",http://www.openstreetmap.org/way/67076754,18:30-22:00,https://www.eventbrite.fr/e/billets-missing-maps-amberieu-semaine-de-la-solidarite-internationale-28908148049
50.7369,-3.5377,2016-11-16,gb,#100mapathons University of Exeter Mapathon,"University of Exeter: Forum Exploration Lab 1, Exeter, United Kingdom",http://www.openstreetmap.org/way/19989374,18:00-20:00,https://www.facebook.com/events/1164865066940659/?notif_t=plan_user_joined&notif_id=1478274689373242
54.58533,-5.93877,2016-11-16,gb,#100mapathons GIS Day 2016 @ QUB - Presented by QUB & AGI & The Missing Maps Project & LPS,"QUB - School of Natural and Built Environment, Belfast, United Kingdom",https://www.openstreetmap.org/#map=19/54.58533/-5.93877,12:00-14:00,https://www.eventbrite.co.uk/e/gis-day-2016-qub-presented-by-qub-agi-the-missing-maps-project-lps-tickets-28575634492?aff=es2
41.40366,2.19344,2016-11-16,es,#100mapathons UPF - MSF Spain,"UPF, Barcelona, Spain",http://www.openstreetmap.org/?mlat=41.40365794301033&mlon=2.193440794944763#map=19/41.40366/2.19344,18:00-21:00,https://www.eventbrite.es/e/entradas-msf-missing-maps-mapaton-28690559235
27.2864,91.5236,2016-11-16,bt,#100mapathons Royal University of Bhutan || YouthMappers Mapathon,"Sherubtse College, Kanglung, Bhutan",http://www.openstreetmap.org/search?query=27.2864%2C91.5236#map=12/27.2864/91.5236,00:00-00:00,
48.14953,11.56792,2016-11-16,de,#100mapathons TUM Chair of Cartography Mapathon,"Technische Universitat Munchen, Munich, Germany",http://www.openstreetmap.org/way/31095009#map=19/48.14952492713928/11.568260192871094,11:30-13:30,
48.9738,14.48202,2016-11-16,cz,#100mapathons Missing Maps Czech republic - mapathon,"Faculty of Education, Jeronýmova 10, 371 15 České Budějovice , České Budějovice, Czech Republic",https://www.openstreetmap.org/node/296740918,15:30-17:30,https://www.facebook.com/events/1802677840002939/
37.23048,-80.42194,2016-11-16,us,#100mapathons Virginia Tech GeoWeek Mapathon,"McBryde Hall, Blacksburg, United States",http://www.openstreetmap.org/#map=19/37.23048/-80.42194,19:00-21:00,https://www.eventbrite.com/e/virginia-tech-geoweek-mapathon-tickets-29256507000?utm-medium=discovery&utm-campaign=social&utm-content=attendeeshare&aff=escb&utm-source=cp&utm-term=listing
23.7131,90.3909,2016-11-16,bd,#100mapathons YouthMappers Dhaka College Mapathon,"Dhaka College, Dhaka, Bangladesh",http://www.openstreetmap.org/#map=14/23.7131/90.3909,9:00-14:00,
34.06427,-117.16204,2016-11-16,us,#100mapathons URSpatial Mapathon,"Lewis Hall Rm 102, University of Redlands, Redlands, United States",http://www.openstreetmap.org/?mlat=34.06427&mlon=-117.16204#map=19/34.06427/-117.16204&layers=N,17:00-19:00,http://spatialstudies.redlands.edu/event/geoweek-mapathon-2016/
50.10433,14.38844,2016-11-16,cz,#100mapathons GISday na ČVUT,"ČVUT Fakulta Stavebni, Prague, Czech Republic",http://www.openstreetmap.org/?mlat=50.10433&mlon=14.38844#map=18/50.10433/14.38844,15:00-17:00,https://www.facebook.com/events/1262679053762921/
55.73398,12.36533,2016-11-16,dk,#100mapathons Ballerup Municipality Mapathon,"Ballerup Radhus, Ballerup, Denmark",http://www.openstreetmap.org/#map=19/55.73398/12.36533,10:00-12:00,
42.73086,-84.48324,2016-11-16,us,#100mapathons MSU Map Library Mapathon,"Michigan State University Main Library, East Lansing, United States",http://www.openstreetmap.org/search?query=Michigan%20State%20University%20Main%20Library#map=19/42.73086/-84.48324,14:00-16:00,http://bookings.lib.msu.edu/event/2791873
38.90438,-77.03345,2016-11-16,us,#100mapathons Partnering for Humanitarian Good Mapathon ,"OpenGovHub, Washington DC, United States",http://www.openstreetmap.org/node/4489226846,17:00-21:00,https://www.eventbrite.com/e/partnering-for-humanitarian-good-mapathon-openstreetmap-geoweek-2016-main-event-tickets-29304935852
44.9378,-93.1693,2016-11-16,us,#100mapathons Macalester College Geography Department Humanitarian Mapathon,"Macalester College, St. Paul, United States",https://www.openstreetmap.org/way/35996093#map=16/44.9378/-93.1693&layers=C,8:00-12:00,https://www.facebook.com/events/1747140155550073/
-0.6165,30.65698,2016-11-16,us,#100mapathons BYU OSM Event,"Brigham Young University, Provo, United States",https://www.openstreetmap.org/way/28355561,14:00-15:00,
40.57466,-105.08498,2016-11-17,us,#100mapathons Colorado State University,"Ramskeller, Lory Student Center, CSU Campus",https://www.openstreetmap.org/node/3843990703,17:00-19:00,http://www.meetup.com/OSM-Colorado/events/235112641/
45.80821,15.96275,2016-11-17,hr,#100mapathons OSM Geo Awareness Week - Missing Map Mapathon - Zagreb,"University of Zagreb Faculty of Geodesy, Zagreb, Croatia",https://www.openstreetmap.org/node/719384238,17:30-20:00,https://www.eventbrite.com/e/osm-geo-awarenes-week-missing-map-mapathon-zagreb-tickets-28727959099?aff=ehomecard
7.253,5.193,2016-11-17,ng,#100mapathons Federal university of technology Akure Mapathon,"Lagos, Nigeria",http://www.openstreetmap.org/#map=6/7.253/5.193,12:00-15:00,
40.80727,-73.96234,2016-11-17,us,#100mapathons American Geographical Society Mapathon,"Columbia University, New York, United States",http://www.openstreetmap.org/way/169626373#map=17/40.80727/-73.96234&layers=N,8:00-12:45,n/a
8.97983,-79.54588,2016-11-17,pa,#100mapathons University of Panama || YouthMappers Mapathon,"University of Panama, Panama City, Panama",http://www.openstreetmap.org/way/179213556#map=18/8.97983/-79.54588,00:00-00:00,n/a
53.40296,-2.98372,2016-11-17,gb,#100mapathons Missing Maps Liverpool,"DoES Liverpool, Liverpool, United Kingdom",http://www.openstreetmap.org/node/1638801038#map=18/53.40296/-2.98372,18:30-20:30,https://www.eventbrite.co.uk/e/missing-maps-in-liverpool-tickets-29078159558
52.00906,4.35656,2016-11-17,us,#100mapathons UC Davis 2016 Mapathon," Hijmans Lab Department of Environmental Science and Policy , Davis, United States",http://www.openstreetmap.org/way/25291850,11:00-17:00,https://www.facebook.com/events/266324140430869/
63.39867,10.39684,2016-11-17,no,#100mapathons Mapathon - Geography Awareness Week,"Multiconsult, Trondheim, Norway",http://www.openstreetmap.org/search?query=sluppenvegen%2015#map=19/63.39867/10.39684,17:00-19:00,https://www.facebook.com/events/1208190335905187/
12.98108,77.63686,2016-11-17,in,#100mapathons Mapbox Bengalura Mapathon,"Mapbox, Bengaluru, India",http://www.openstreetmap.org/node/3352016856#map=19/12.98108/77.63686,17:00-19:00,
37.42643,-122.17299,2016-11-17,us,#100mapathons Stanford GIS Day: An Introduction to Mapping with OpenStreetMap and the HOT Task Manager,"Stanford Geospatial Center / Branner Library Teaching Corner: Mitchell Earth Sciences Building , Stanford, United States",http://www.openstreetmap.org/way/232841921,01:30-04:30,http://library.stanford.edu/research/stanford-geospatial-center/gisdaystanford
49.89598,-97.14424,2016-11-17,ca,#100mapathons MGUG Mappy hour,"SkullSpace, Winnipeg, Canada",https://www.openstreetmap.org/search?query=skullspace#map=19/49.89598/-97.14424,19:00-21:00,https://www.facebook.com/events/193938311062063/
4.7336,-74.07894,2016-11-17,us,#100mapathons Geocensos community Mapathon,"Bogotá, Bogotá, United States",http://www.openstreetmap.org/?mlat=4.73360&mlon=-74.07894#map=19/4.73360/-74.07894&layers=D,11:00-16:00,www.geocensos.com
50.93471,-1.39485,2016-11-17,gb,#100mapathons Missing Maps Southampton,"Froude B28/1021 Highfield Campus, Southampton, United Kingdom",https://www.openstreetmap.org/way/66696198,18:00-20:30,https://www.facebook.com/events/1767884373466284/
-0.6165,30.65698,2016-11-17,ug,#100mapathons Mbarara University of Science and Technology Mapathon,"Mbarara University of Science and Technology, Mbarara, Uganda",http://www.openstreetmap.org/?mlat=-0.6164976954460144&mlon=30.656983852386475#map=19/-0.61650/30.65698,9:00-13:00,
45.405,-75.717,2016-11-17,ca,#100mapathons OSM Canada Mapathon,"Happy Goat Coffee, Ottawa, United States",http://www.openstreetmap.org/node/3703012717,19:00-23:00,https://www.meetup.com/openstreetmap-ottawa/events/235163829/
5.11731,-1.29267,2016-11-18,gh,#100mapathonsUCC Mapathon Day,"Computer lab, Faculty of Social Science, Cape Coast, Ghana",http://www.openstreetmap.org/search?query=Cape%20coast#map=19/5.11731/-1.29267,12:00-15:00,https://goo.gl/al5Pdj
33.9962,-81.02662,2016-11-18,us,#100mapathons OSM GeoWeek Columbia SC,"Callcott Building, Room 301, Columbia, United States",http://www.openstreetmap.org/way/260712175,16:00-20:00,https://docs.google.com/forms/d/e/1FAIpQLSdFX6veDC8wpdIpRPOetbgl9Vdg8AcKagKjc3cn2vzBC0O0Xg/viewform?c=0&w=1
53.43132,-6.13751,2016-11-18,ie,#100mapathons Portmarnock Community School Mapathon,"Portmarnock Community School, Dublin, Ireland",http://osm.org/go/es~dWdym?m=,8:00-8:00,https://ti.to/osm_ie/24hr-maplesotho-mapathon
40.26188,-76.88041,2016-11-18,us,#100mapathons Harrisburg University Humanitarian Mapathon,"Harrisburg University of Science and Technology, Harrisburg, United States",http://www.openstreetmap.org/way/124271920#map=19/40.26188/-76.88041,16:00-20:00,http://harrisburgu.edu/RSVP/
-13.15585,-74.21823,2016-11-18,pe,#100mapathons OpenStreetMap Ayacucho || Mapbox Mapathon,"Mapbox QID, Ayacucho, Peru",http://www.openstreetmap.org/node/4189833989,14:00-18:00,https://www.facebook.com/OpenStreetMapAyacucho/
-12.0393,-77.0906,2016-11-18,pe,#100mapathons OpenStreetMap Perú Mapathon,"Plaza Miguel Grau, Carmen de la Legua Reynoso, Peru",http://www.openstreetmap.org/?mlat=-12.03931&mlon=-77.09059#map=17/-12.03930/-77.09060,10:00-16:00,
44.7964,-0.6147,2016-11-18,fr,#100mapathons Missing Maps - Madagascar (Bordeaux-Diego Suarez),"Maison des étudiants UBM, Bordeaux, France",http://www.openstreetmap.org/way/264280100,9:00-13:30,https://www.eventbrite.fr/e/billets-mapathon-missing-maps-madagascar-bordeaux-diego-suarez-29070892823
-12.28382,49.30784,2016-11-18,mg,#100mapathons Missing Maps Diégo-Bordeaux,"Université d'Antsiranana Campus Numérique Francophone Partenaire, Diégo-Suarez, Madagascar",http://www.openstreetmap.org/node/4326913517,10:00-14:00,https://www.eventbrite.fr/e/billets-mapathon-missing-maps-madagascar-diego-suarez-bordeaux-29298949948
-0.6165,30.65698,2016-11-18,id,#100mapathons Humanitarian OpenStreetMap Team Indonesia Mapathon,"Pacific Place, Jakarta, Indonesia",https://www.openstreetmap.org/way/125583159,14:00-18:00,https://www.eventbrite.com/e/celebrating-global-geoawareness-week-tickets-29299490565
1.07556,34.17458,2016-11-19,ug,#100mapathons Youth Mappers(Team Mappers For Life),"Uganda Christian University Mbale, Mbale, Uganda",http://www.openstreetmap.org/?mlat=1.07556&mlon=34.17525#map=18/1.07556/34.17525,09:00-13:00,https://www.facebook.com/Team-Mappers-For-Life-280043492353209/?ref=bookmarks
0.35297,32.61409,2016-11-19,ug,#100mapathons OpenStreetMap Uganda Mapping Party,"The Innovation Village Kampala, Kampala, Uganda",http://www.openstreetmap.org/node/4457849691?mlat=0.35296931862831116&mlon=32.61442244052887#map=19/0.35296931862831116/32.61442244052887,09:00-12:00,https://www.eventbrite.com/e/mapping-party-tickets-28785685761
6.3675,2.3394,2016-11-19,bj,#100mapathons OSM Bénin Mapathon,"Cotonou, Benin",http://www.openstreetmap.org/#map=11/6.3675/2.3394,9:00-23:00,n/a
12.37588,-1.5033,2016-11-19,bf,#100mapathons OSM Burkina Faso,"Bibliothèque CEDRES, Ouagadougou, Burkina Faso",http://www.openstreetmap.org/node/4385264159,8:00-13:00,
5.1188,-1.289,2016-11-19,gh,#100mapathons UCC OSM GeoWeek,"University of Cape Coast, Cape Coast, Ghana",https://www.openstreetmap.org/way/330376417#map=14/5.1188/-1.2890,8:00-10:00,
0.29536,32.65868,2016-11-19,ug,#100mapathons Uganda Christian University - Mbale College Mapathon,"Mbala College of Commerce, Kampala, Uganda",http://www.openstreetmap.org/search?query=Mbale%20College%20uganda#map=19/0.29536/32.65868,00:00-00:00,
0.54532,34.01875,2016-11-19,ug,#100mapathons YouthMappers Busitema Chapter Mapathon,"Busitema University, Busia, Uganda",http://www.openstreetmap.org/#map=17/0.54532/34.01875,9:30-12:00,
1.47295,33.86323,2016-11-19,ug,#100mapathons Kumi University Everlast Youth Mappers Mapathon,"Kumi University, Uganda, Uganda",https://www.openstreetmap.org/node/2143275191,12:00-17:00,
44.3178,-96.782,2016-11-19,us,#100mapathons Make America Map Again Mapathon,"Pioneer Room - Student Union, Brookings, SD, United States",http://www.openstreetmap.org/search?query=south%20dakota%20state%20university%20brookings%2C%20sd#map=12/44.3178/-96.7820,16:00-17:30,www.sdsumapathon.eventbrite.com
45.56387,5.92451,2016-11-19,fr,#100mapathons Missing Maps - Chambéry-Ouahigouya,"Médiathèque Jean-Jacques Rousseau, Carré crurial, Chambéry, France",http://www.openstreetmap.org/way/209429258,10:00-13:00,https://www.eventbrite.fr/e/billets-missing-maps-chambery-ouahigouya-semaine-de-la-solidarite-internationale-29247692636
5.1188,-1.289,2016-11-21,gh,#100mapathons UCC OSM GeoWeek,"University of Cape Coast, Cape Coast, Ghana",https://www.openstreetmap.org/way/330376417#map=14/5.1188/-1.2890,9:00-14:00,
43.64609,-79.40309,2016-11-22,ca,#100mapathons Civic Tech Toronto Missing Maps Mapathon,"Tunnel Bear HQ, Toronto, Canada",https://www.openstreetmap.org/way/150432576,18:30-21:00,
45.519022,-73.553016,2016-12-05,ca,MSF Missing Maps,"Centre St. Pierre, Montreal, Canada",http://www.openstreetmap.org/way/46866835#map=19/45.51917/-73.55349,6:30-8:00,https://www.eventbrite.ca/e/missing-maps-event-in-montreal-tickets-29230676741
